state,district,crop,year,season,area_ha,production_tons,yield_kg_ha,rice_yield_mendeley,fertilizer_tons,irrigated_area_1000ha,nitrogen_tons,phosphate_tons,potash_tons,rainfall_kharif_mm,rainfall_rabi_mm,temp_max_kharif,temp_max_summer,temp_max_rabi,evapotrans_kharif,lat,lon,nasa_rainfall_kharif,nasa_temp_avg_kharif,nasa_temp_max_kharif,nasa_humidity_kharif,nasa_rainfall_rabi,nasa_temp_avg_rabi,nasa_temp_max_rabi,nasa_rainfall_annual,nasa_solar_annual,heat_stress_days,frost_risk_days,rainfall_anomaly_index,drought_flag,flood_flag,gdd_kharif,max_dry_streak_kharif,rainfall_cv_kharif,water_balance_kharif,gdd_rabi,max_dry_streak_rabi,rainfall_cv_rabi,water_balance_rabi,ndvi_kharif,ndvi_rabi,lag_yield_1,lag_yield_2,lag_yield_3,rolling_yield_3yr,yield_trend,yield_gap_vs_state,time_trend,season_encoded,crop_encoded,state_encoded,log_area,fertilizer_per_ha,nitrogen_per_ha,irrigation_pct,current_rabi_rainfall,current_rabi_temp_avg,current_rabi_temp_max,current_rai,current_drought_flag,current_flood_flag,data_as_of,current_gdd_rabi,current_max_dry_streak_rabi,current_rainfall_cv_rabi,current_water_balance_rabi,current_ndvi_rabi,baseline_yield_year,weather_data_as_of,prediction_basis,current_pred_yield,shap_state_encoded,shap_crop_encoded,shap_season_encoded,shap_time_trend,shap_lag_yield_1,shap_lag_yield_2,shap_lag_yield_3,shap_rolling_yield_3yr,shap_yield_trend,shap_yield_gap_vs_state,shap_log_area,shap_fertilizer_per_ha,shap_nitrogen_per_ha,shap_irrigation_pct,shap_nasa_rainfall_kharif,shap_nasa_rainfall_rabi,shap_nasa_rainfall_annual,shap_nasa_temp_avg_kharif,shap_nasa_temp_max_kharif,shap_nasa_temp_avg_rabi,shap_nasa_temp_max_rabi,shap_nasa_humidity_kharif,shap_nasa_solar_annual,shap_heat_stress_days,shap_frost_risk_days,shap_rainfall_anomaly_index,shap_drought_flag,shap_flood_flag,shap_gdd_kharif,shap_max_dry_streak_kharif,shap_rainfall_cv_kharif,shap_water_balance_kharif,shap_gdd_rabi,shap_max_dry_streak_rabi,shap_rainfall_cv_rabi,shap_water_balance_rabi,shap_ndvi_kharif,shap_ndvi_rabi,change_vs_2019,hist_rai_mean,hist_rai_std,rai_severity_relative,snapshot_timestamp,current_pred_yield_prev,rainfall_anomaly_index_prev,rai_severity_relative_prev,yield_change_since_last,rai_change_since_last,severity_change_since_last,alert_level,change_note,alert_sort
Uttar Pradesh,Kheri,Wheat,2019,Rabi,195264.0,826357.0,4231.998729924615,,,,,,,,,,,,,28.116667,80.716667,1034.0,29.43764705882353,33.821241830065354,72.72078431372549,295.98,18.17529801324504,26.81609271523179,1092.75,15.26644859813084,38,0,4.405776765453827,0,1,2973.96,30.0,1.8059737155781967,172.6266258443103,1234.47,83.0,11.042532330895195,-361.33126001900587,0.6244014426897675,0.5259289059785343,4251.001004791695,4111.99775187962,3782.001362036608,4048.333372902641,468.9996427550868,395.2900336617013,22,0,0,2,12.182112889334942,,,,295.98,18.17529801324504,26.81609271523179,4.405776765453827,0,1,2026-06-23,1234.47,83.0,11.042532330895195,-361.33126001900587,0.5259289059785343,2019,2026-06-23,current_2026_weather_with_2019_yield_baseline,4009.5537,-21.952324,29.139544,7.8825245,77.60413,711.40027,100.620674,102.13841,204.52701,-0.056388795,1.3195995,10.930038,7.468264,6.883844,0.8074248,-13.432901,-113.377525,-16.690348,5.638219,2.8162546,-7.691843,-29.378675,9.357641,-14.235103,-17.408178,-1.6935537,6.0253434,0.02685722,-0.25059012,1.376354,27.337322,14.5693445,0.41940802,-2.1967459,-2.6490297,11.217186,-57.80151,17.210577,1.3753059,-222.44501898711496,-2.1626219333844196e-16,1.0,4.405776765453827,20260629_170333,4009.5537,4.405776765453827,4.405776765453827,0.0,0.0,0.0,elevated_stable,No change since last check (still elevated severity 4.41).,3
Uttar Pradesh,Sitapur,Wheat,2019,Rabi,208656.0,700876.0,3359.002377118319,,,,,,,,,,,,,27.5026748,80.8335139,1018.6,29.425359477124186,33.65745098039216,73.14934640522875,199.88,18.153509933774835,26.68748344370861,1063.39,15.454392523364485,37,1,3.208316775388294,0,1,2972.08,29.0,1.9138877438688024,164.3706519602738,1231.1799999999998,88.0,10.566011072017185,-487.1139769322009,0.6133785317215165,0.5398587622966634,3479.9984421325257,3252.0018015028327,3371.9999811504804,3368.000074928613,107.99846098204534,-375.7125289974679,22,0,0,2,12.248447034462457,,,,199.88,18.153509933774835,26.68748344370861,3.208316775388294,0,1,2026-06-23,1231.1799999999998,88.0,10.566011072017185,-487.1139769322009,0.5398587622966634,2019,2026-06-23,current_2026_weather_with_2019_yield_baseline,3404.9988,-39.92359,21.97925,6.374362,105.226654,270.58774,20.98367,47.42319,73.151344,-9.072557,5.0662084,9.15299,10.280723,32.498516,1.3953727,-0.9447226,-135.05966,-2.227612,8.479683,4.866967,-8.973982,-2.5684144,9.549411,-15.324184,-9.757878,12.54385,3.0381238,0.027655642,-0.13730204,0.7733508,33.04243,1.7516785,1.7308469,2.3388991,3.636128,7.0892515,-29.386518,8.590912,6.519465,45.996402178555854,1.7115938296304497e-16,1.0,3.208316775388294,20260629_170333,3404.9988,3.208316775388294,3.208316775388294,0.0,0.0,0.0,elevated_stable,No change since last check (still elevated severity 3.21).,3
Uttar Pradesh,Shahjahanpur,Wheat,2019,Rabi,256371.0,1113932.0,4345.000019502985,,,,,,,,,,,,,27.9128583,79.7476254,848.99,29.695032679738564,34.293921568627454,70.27967320261439,176.13,17.997880794701985,26.68079470198676,910.6,14.865280373831776,41,0,2.5445916220228897,0,1,3013.34,30.0,1.8841669369340104,-26.08244096240788,1207.6800000000003,83.0,10.29871163433848,-503.5622387211349,0.6102795378428857,0.5288912867308142,4465.980077663346,3995.99919257166,4206.000502634844,4222.65992428995,259.9795750285012,610.269106533352,22,0,0,2,12.454384793697246,,,,176.13,17.997880794701985,26.68079470198676,2.5445916220228897,0,1,2026-06-23,1207.6800000000003,83.0,10.29871163433848,-503.5622387211349,0.5288912867308142,2019,2026-06-23,current_2026_weather_with_2019_yield_baseline,4105.2373,-41.638996,30.395714,8.417011,84.54289,842.3636,108.85473,108.086174,230.21283,1.0604004,-20.19569,8.290863,6.054101,10.340734,0.86028427,-5.0883074,-165.08447,-4.765214,8.357842,-0.34369332,0.9110265,-40.02308,8.803699,-18.009533,-18.289444,-1.1178105,13.144179,0.026224922,-0.24874881,0.5918308,22.7225,13.652534,-1.6756709,4.37124,-3.622645,3.2013052,-55.229546,12.206328,2.8247046,-239.7627148154852,1.410908427127803e-16,0.9999999999999998,2.54459162202289,20260629_170333,4105.2373,2.5445916220228897,2.54459162202289,0.0,0.0,0.0,elevated_stable,No change since last check (still elevated severity 2.54).,3
Uttar Pradesh,Pilibhit,Wheat,2019,Rabi,138554.0,594812.0,4292.997675996363,,,,,,,,,,,,,28.4947158,80.1076122,926.53,29.35464052287582,33.785490196078435,71.61104575163398,176.45,17.95331125827815,25.91635761589404,1004.45,15.26644859813084,40,1,1.8979710279492967,0,1,2961.26,31.0,1.6192023758630163,61.725545284889904,1200.9499999999998,83.0,9.200652669134293,-451.1037619133106,0.6319148127938858,0.4906772817744439,4442.000498978443,4237.000613696804,4200.002848434785,4293.00132037001,241.997650543658,586.2895278484493,22,0,0,2,11.83902263769482,,,,176.45,17.95331125827815,25.91635761589404,1.8979710279492967,0,1,2026-06-23,1200.9499999999998,83.0,9.200652669134293,-451.1037619133106,0.4906772817744439,2019,2026-06-23,current_2026_weather_with_2019_yield_baseline,4170.6025,-44.001114,31.490555,8.980322,85.094955,837.1822,113.60999,106.794586,236.51498,2.193179,-22.024858,9.344868,6.4513903,10.394389,0.89130735,-6.601768,-164.08978,-6.374775,6.5047765,2.225356,3.1359484,-3.3002467,10.585137,-16.038021,-18.153366,7.964785,11.906062,0.024719063,-0.24814337,0.4019519,22.838919,21.757921,1.828451,4.8399916,-2.2758927,6.5536046,-34.534775,15.617278,-27.161858,-122.39513693386289,-1.5959455978986625e-16,0.9999999999999998,1.8979710279492974,20260629_170333,4170.6025,1.8979710279492967,1.8979710279492972,0.0,0.0,2.220446049250313e-16,elevated_stable,No change since last check (still elevated severity 1.90).,3
Uttar Pradesh,Hardoi,Wheat,2019,Rabi,315210.0,1125615.0,3571.000285523936,,,,,,,,,,,,,27.3369978,80.0998232,799.57,29.73300653594771,34.18124183006536,70.78078431372549,123.14,18.143443708609272,26.75629139072848,847.99,15.454392523364485,41,3,1.7894699871440782,0,1,3019.15,30.0,1.835343234968928,-76.71028474087711,1229.66,83.0,9.625042037444311,-568.6692575346452,0.5047514007522242,0.5276555363626936,3718.001340392305,3673.999465703236,3635.99852452031,3675.99977687195,82.0028158719947,-137.7096307376887,22,0,0,2,12.66099753483408,,,,123.14,18.143443708609272,26.75629139072848,1.7894699871440782,0,1,2026-06-23,1229.66,83.0,9.625042037444311,-568.6692575346452,0.5276555363626936,2019,2026-06-23,current_2026_weather_with_2019_yield_baseline,3775.875,-51.416748,30.633312,7.758502,109.84003,382.68445,65.64814,116.74298,120.71925,-12.046815,14.746825,12.151612,12.023269,30.828354,1.6349384,-0.40262452,-60.071854,-1.0357898,10.122799,4.662313,3.3714366,2.0550094,7.0095153,-15.555794,-12.499797,9.976054,9.265662,0.02990881,0.24381024,1.400191,26.891865,1.7097406,-2.939516,2.6337261,0.91722155,9.401684,-14.906181,-0.41104645,1.782216,204.87471447606413,2.624853459587406e-16,0.9999999999999998,1.7894699871440785,20260629_170333,3775.875,1.7894699871440782,1.7894699871440785,0.0,0.0,0.0,elevated_stable,No change since last check (still elevated severity 1.79).,3
Uttar Pradesh,Bahraich,Wheat,2019,Rabi,157415.0,482160.0,3062.98637359845,,,,,,,,,,,,,27.7343823,81.47654,1233.95,29.38071895424837,33.4378431372549,74.15823529411765,136.67,18.41986754966888,26.923774834437083,1273.23,15.36373831775701,37,0,1.642729215404091,0,1,2965.25,29.0,2.252099451670172,396.97030546321673,1271.4,88.0,9.79063380906627,-540.3844081557596,0.5658146789872389,0.5314040430618681,3792.988147223955,3750.999731815608,3161.997418966835,3568.661766002133,630.9907282571198,-62.72282390603869,22,0,0,2,11.96664726164168,,,,136.67,18.41986754966888,26.923774834437083,1.642729215404091,0,1,2026-06-23,1271.4,88.0,9.79063380906627,-540.3844081557596,0.5314040430618681,2019,2026-06-23,current_2026_weather_with_2019_yield_baseline,3503.616,-43.97995,23.817482,6.508658,81.419586,374.33173,64.11971,13.821573,99.4312,3.0482461,13.931113,10.541762,13.220391,30.34498,1.201793,-7.788122,-133.39886,-8.371684,7.448777,6.071804,-24.958317,-7.333098,5.152505,-9.752806,-11.856902,-3.431089,8.032505,0.028254528,-0.38533992,1.0653707,31.318121,-10.007348,7.1051683,1.9108076,1.4922718,13.781981,-20.07535,9.392098,6.1413846,440.629593198425,-1.3877787807814457e-16,1.0,1.6427292154040911,20260629_170333,3503.616,1.642729215404091,1.6427292154040911,0.0,0.0,0.0,elevated_stable,No change since last check (still elevated severity 1.64).,3
Uttar Pradesh,Allahabad,Wheat,2019,Rabi,210714.0,593160.0,2815.000427119223,,,,,,,,,,,,,25.4741716,81.8495397,1038.48,29.96875816993464,34.02921568627451,72.44614379084967,5.11,18.57211920529801,26.595430463576164,1070.26,14.48663551401869,44,2,-1.230783109997803,1,0,3055.2200000000003,14.0,2.090851025662842,230.47144267662543,1294.39,138.0,5.413023843114088,-718.2501550446091,0.2757782838989561,0.3093816857963924,3553.166755238384,3761.4376442044672,2998.267184869434,3437.623861437429,554.8995703689502,-302.5442158916094,22,0,0,2,12.258261788525507,,,,5.11,18.57211920529801,26.595430463576164,-1.230783109997803,1,0,2026-06-23,1294.39,138.0,5.413023843114088,-718.2501550446091,0.3093816857963924,2019,2026-06-23,current_2026_weather_with_2019_yield_baseline,3481.958,-13.825794,27.523619,10.020167,82.49517,404.05402,68.48784,-1.6686774,51.06074,-2.1752825,9.6830225,9.781329,13.428677,29.37752,1.3613063,-4.4028172,34.46947,-5.501711,10.926373,2.281569,-1.74207,5.6718917,10.056301,-4.3198314,-9.118585,9.922426,-40.744644,-0.61136484,-0.010864371,1.5666853,-80.80664,-11.526352,5.823618,2.363997,-36.14512,4.1431313,5.8018312,-40.080177,-15.939293,666.9575806932771,-2.7755575615628914e-17,1.0000000000000002,1.2307831099978028,20260629_170333,3481.958,-1.230783109997803,1.2307831099978028,0.0,0.0,0.0,elevated_stable,No change since last check (still elevated severity 1.23).,3
Uttar Pradesh,Mirzapur,Wheat,2019,Rabi,96236.0,233240.0,2423.625254582485,,,,,,,,,,,,,24.9316896,82.6280163,984.04,29.698823529411765,33.8897385620915,72.18032679738562,5.0200000000000005,18.539933774834434,26.216688741721857,1021.79,15.30728971962617,46,1,-1.221133961423495,1,0,3013.92,14.0,1.70074203539519,165.7391259930091,1289.53,115.0,5.68726620195519,-782.5826357745004,0.5180986058037212,0.4606378335938987,3146.0585725529186,2947.686840268229,2794.143618370972,2962.62967706404,351.91495418194654,-709.652398577075,22,0,0,2,11.474569178092876,,,,5.0200000000000005,18.539933774834434,26.216688741721857,-1.221133961423495,1,0,2026-06-23,1289.53,115.0,5.68726620195519,-782.5826357745004,0.4606378335938987,2019,2026-06-23,current_2026_weather_with_2019_yield_baseline,3038.9307,-12.897888,34.46277,9.012635,114.41404,-71.98089,-20.667719,-5.491365,60.7266,1.5647048,1.9473774,22.113806,-2.8190837,8.6242075,0.76492447,0.7554753,22.823063,2.1733863,5.4977274,2.7168899,2.5767,13.904698,6.4202127,-6.683117,-4.3386993,5.5297666,-39.201553,-1.5723428,-0.03442587,0.09167002,-107.154976,8.377826,4.8873754,2.5458767,0.3296222,14.068712,25.4143,-1.3209972,-8.926895,615.305409480015,3.1456319031046104e-16,0.9999999999999999,1.2211339614234955,20260629_170333,3038.9307,-1.221133961423495,1.2211339614234955,0.0,0.0,0.0,elevated_stable,No change since last check (still elevated severity 1.22).,3
Uttar Pradesh,Chitrakoot,Wheat,2019,Rabi,53793.0,142714.0,2653.0217686316064,,,,,,,,,,,,,25.217139,81.1045927,1021.29,29.210718954248364,33.366928104575166,72.96529411764706,7.25,18.69119205298013,26.69761589403973,1056.64,14.48663551401869,42,3,-1.1759503515342575,1,0,2939.24,14.0,1.5683611374232072,220.8378656224669,1312.37,115.0,5.006714902502691,-712.1674061470782,0.4678594217293631,0.5268152836731802,2711.8735946032766,2639.90839510637,3096.426203820888,2816.0693978435115,-384.55260921761146,-1143.837376526717,22,0,0,2,10.892917215767024,,,,7.25,18.69119205298013,26.69761589403973,-1.1759503515342575,1,0,2026-06-23,1312.37,115.0,5.006714902502691,-712.1674061470782,0.5268152836731802,2019,2026-06-23,current_2026_weather_with_2019_yield_baseline,2979.2795,-11.387679,62.69582,18.382885,142.3357,-283.11685,-22.322025,51.01584,61.30173,-11.378323,-31.27489,-5.7665257,2.9895964,5.7793274,0.7919456,0.1973494,54.62287,-0.3669936,3.7325292,0.55461323,-6.3188667,10.608975,12.114568,3.2883534,-5.515211,4.547486,-45.213936,-3.607471,-0.038921744,0.17763264,-47.250385,22.167091,8.480736,1.7522333,10.400662,11.406333,2.788404,-6.845927,17.276957,326.2577723840186,-1.0177044392397268e-16,0.9999999999999999,1.1759503515342578,20260629_170333,2979.2795,-1.1759503515342575,1.1759503515342578,0.0,0.0,0.0,stable,No significant change since last check.,4
Uttar Pradesh,Sant Ravidas Nagar,Wheat,2019,Rabi,46356.0,127287.0,2745.8581413409265,,,,,,,,,,,,,25.3574077,82.5002953,1015.61,30.04516339869281,34.11477124183007,72.58228758169935,5.69,18.581456953642384,26.7246357615894,1047.34,14.576635514018692,43,1,-1.1590479241931848,1,0,3066.91,14.0,1.9283361776641088,200.76165982453733,1295.8000000000002,139.0,5.619116820766312,-688.3158566520236,0.4939632432114273,0.479080718820223,3754.6776705706247,3806.00758595375,3318.0001700535668,3626.2284755259807,436.677500517058,-101.03330055936884,22,0,0,2,10.744127584402122,,,,5.69,18.581456953642384,26.7246357615894,-1.1590479241931848,1,0,2026-06-23,1295.8000000000002,139.0,5.619116820766312,-688.3158566520236,0.479080718820223,2019,2026-06-23,current_2026_weather_with_2019_yield_baseline,3562.5808,-15.752548,30.108797,9.139138,86.69593,402.5001,69.929054,34.401917,90.18786,-11.666707,6.7260017,-4.6494174,13.377021,28.297932,1.2644144,-4.1957936,28.982819,-3.8918877,8.927516,1.6206061,-6.0753803,3.7902346,9.194259,-7.583424,-8.701263,11.788017,-37.060005,-0.6050609,-0.013179128,2.5537045,-109.45859,0.4785753,5.603801,-1.8609836,-26.694788,5.622453,3.978408,4.2204695,-8.875387,816.7226692059485,9.25185853854297e-18,1.0,1.1590479241931848,20260629_170333,3562.5808,-1.1590479241931848,1.1590479241931848,0.0,0.0,0.0,stable,No significant change since last check.,4
Uttar Pradesh,Pratapgarh,Wheat,2019,Rabi,148014.0,508428.0,3434.99939194941,,,,,,,,,,,,,25.75,81.75,1055.52,29.761503267973858,33.70928104575164,73.2692156862745,6.959999999999999,18.19132450331126,26.42119205298013,1082.13,14.48663551401869,37,2,-1.1396756203286624,1,0,3023.51,27.0,2.0950880091800816,261.51253609717014,1236.89,138.0,5.67773132788654,-710.4083878296386,0.5205809828780794,0.4783627704125954,3419.998006843172,3167.000411281242,3080.000265671285,3222.3328945985663,339.9977411718869,-435.7129642868217,22,0,0,2,11.905068898961902,,,,6.959999999999999,18.19132450331126,26.42119205298013,-1.1396756203286624,1,0,2026-06-23,1236.89,138.0,5.67773132788654,-710.4083878296386,0.4783627704125954,2019,2026-06-23,current_2026_weather_with_2019_yield_baseline,3640.192,5.435567,31.788815,10.927413,151.8826,366.76254,1.9851462,8.337449,39.548504,-0.82647485,-6.3696346,8.3014555,18.744503,36.154892,2.3014512,-3.0914207,17.890026,-4.807688,7.721601,4.1064835,2.0287945,6.589579,8.9485,-4.218664,-7.3636017,10.501938,-29.222424,-0.77981704,0.00090652145,1.4207945,32.681355,-11.288386,3.8884995,3.9299002,-25.198902,6.035231,3.1944532,1.7028263,-9.730211,205.19250258184,-3.700743415417188e-17,0.9999999999999998,1.1396756203286627,20260629_170333,3640.192,-1.1396756203286624,1.1396756203286629,0.0,0.0,-2.220446049250313e-16,stable,No significant change since last check.,4
Uttar Pradesh,Kaushambi,Wheat,2019,Rabi,73961.0,230766.0,3120.103838509485,,,,,,,,,,,,,25.5342456,81.4493567,1009.12,29.944183006535948,34.04326797385621,72.03908496732026,7.65,18.686754966887417,26.513178807947018,1038.76,14.48663551401869,48,2,-1.1283028452821828,1,0,3051.46,27.0,1.7588616149145642,198.7904587122946,1311.7,94.0,4.720319036916086,-712.544528773547,0.473185385329021,0.502811629213164,3493.8452558531685,3170.993978795485,3285.245683045536,3316.6949725647296,208.59957280763228,-361.8657152768251,22,0,0,2,11.211306726779574,,,,7.65,18.686754966887417,26.513178807947018,-1.1283028452821828,1,0,2026-06-23,1311.7,94.0,4.720319036916086,-712.544528773547,0.502811629213164,2019,2026-06-23,current_2026_weather_with_2019_yield_baseline,3741.8809,-16.967907,36.27246,10.425901,140.79501,365.3391,0.9911743,34.578793,75.91378,-6.732177,4.6610427,9.892039,14.937079,34.37065,2.3228211,-3.7452574,42.892673,0.057489257,7.511305,1.82604,-1.3214833,4.5394564,5.255752,-10.82702,-8.476756,11.113562,-30.801863,-0.7416602,-0.019783905,0.93408304,34.27193,8.510375,7.7209134,3.3474193,4.226014,-4.439335,7.313836,3.5270104,2.1314147,621.7770208655152,-4.625929269271486e-17,0.9999999999999999,1.128302845282183,20260629_170333,3741.8809,-1.1283028452821828,1.128302845282183,0.0,0.0,0.0,stable,No significant change since last check.,4
Uttar Pradesh,Chandauli,Wheat,2019,Rabi,100039.0,340833.0,3407.0012695048927,,,,,,,,,,,,,25.125695,83.2494601,970.04,29.51679738562091,33.72117647058823,72.6421568627451,6.109999999999999,18.067019867549668,25.676953642384102,1003.57,14.75018691588785,44,1,-1.123473575531229,1,0,2986.07,19.0,1.9186507655318263,155.0721453389932,1218.12,138.0,6.553486986431905,-650.6966844428547,0.5543609245747639,0.5680603682947498,3748.0018067202136,3366.996504965452,2875.08274520587,3330.0270189638454,872.9190615143434,-107.70916440978,22,0,0,2,11.513325384991557,,,,6.109999999999999,18.067019867549668,25.676953642384102,-1.123473575531229,1,0,2026-06-23,1218.12,138.0,6.553486986431905,-650.6966844428547,0.5680603682947498,2019,2026-06-23,current_2026_weather_with_2019_yield_baseline,3748.7712,8.576999,37.54642,11.050194,140.50055,447.66837,33.91847,-12.955156,55.733006,1.9754733,-1.1541549,9.5313015,12.96059,33.90101,1.2103127,-2.9802194,6.356443,1.8455474,7.8705044,6.6773186,5.3055625,2.646586,7.357759,-4.0530753,-10.161615,10.430491,-30.460274,-0.61109453,0.018311407,1.9766295,-5.0237365,-0.4086034,4.235197,7.5949984,-24.249983,16.36121,-0.47526127,3.4437337,14.335749,341.76997072948234,-4.2095956350370517e-16,1.0,1.1234735755312286,20260629_170333,3748.7712,-1.123473575531229,1.1234735755312286,0.0,0.0,0.0,stable,No significant change since last check.,4
Uttar Pradesh,Varanasi,Wheat,2019,Rabi,68369.0,225602.0,3299.770363761354,,,,,,,,,,,,,25.3719338,82.9414272,991.62,30.18392156862745,34.29934640522876,71.95640522875817,5.08,18.57,26.722052980132453,1022.05,14.576635514018692,44,0,-1.123366626658258,1,0,3088.1400000000003,20.0,2.1661531257413573,171.88385345548295,1294.0700000000002,138.0,5.74170996273177,-686.4785662478192,0.455213133133874,0.3984862513241373,3495.976686529512,3381.168634574629,3372.3383252954286,3416.494548799856,123.63836123408328,-359.7342846004817,22,0,0,2,11.13268941090784,,,,5.08,18.57,26.722052980132453,-1.123366626658258,1,0,2026-06-23,1294.0700000000002,138.0,5.74170996273177,-686.4785662478192,0.3984862513241373,2019,2026-06-23,current_2026_weather_with_2019_yield_baseline,3605.1428,2.158939,30.545322,7.9060764,131.3089,341.75256,20.989777,39.889454,72.61379,-9.811059,5.728864,-1.3211386,16.546328,37.32465,1.484276,-4.9293375,14.3132715,0.65236074,10.112822,0.19002923,0.56716293,4.6637573,6.750346,-8.836103,-8.982289,-3.0280578,-30.545385,-0.7550123,-0.0164343,2.9398627,16.589972,-12.300198,3.9510112,2.5991955,-34.433575,6.09735,3.0129528,2.9072304,-13.768026,305.372458504271,1.850371707708594e-17,1.0,1.123366626658258,20260629_170333,3605.1428,-1.123366626658258,1.123366626658258,0.0,0.0,0.0,stable,No significant change since last check.,4
Uttar Pradesh,Mau,Wheat,2019,Rabi,95061.0,329291.0,3463.9968020534184,,,,,,,,,,,,,26.0390905,83.4985846,903.57,30.000718954248363,34.029607843137256,73.16215686274509,5.45,18.48900662251656,26.746026490066225,928.16,14.473411214953272,38,2,-1.113263899987574,1,0,3060.11,27.0,2.007662906350048,110.23905075694904,1281.84,139.0,5.389590963658382,-642.8312876370069,0.4802661241501355,0.4757698126741584,3849.0005232862377,3700.995040525096,3331.0044958524177,3627.000019887917,517.99602743382,-6.710447843755901,22,0,0,2,11.462284589290247,,,,5.45,18.48900662251656,26.746026490066225,-1.113263899987574,1,0,2026-06-23,1281.84,139.0,5.389590963658382,-642.8312876370069,0.4757698126741584,2019,2026-06-23,current_2026_weather_with_2019_yield_baseline,3828.4329,-7.017236,30.415268,9.070941,127.58565,433.70145,66.44015,42.82667,104.99392,-11.580901,9.618018,6.8844047,20.085815,32.631798,1.7420686,-1.9131521,28.202127,-0.08482686,11.533504,5.042769,-2.146218,3.8086927,9.17641,-6.38311,-9.38145,10.813518,-31.207792,-0.6050609,-0.013357702,1.3826125,30.39889,1.3966188,1.2101983,2.3874915,-39.186253,4.429423,-1.2850804,3.2774532,-10.095283,364.4360592747066,4.683753385137379e-17,0.9999999999999998,1.1132638999875741,20260629_170333,3828.4329,-1.113263899987574,1.113263899987574,0.0,0.0,2.220446049250313e-16,stable,No significant change since last check.,4
Uttar Pradesh,Ghazipur,Wheat,2019,Rabi,184666.0,636359.0,3445.999805053448,,,,,,,,,,,,,25.6034863,83.5075888,832.42,30.364705882352943,34.55993464052288,70.86379084967321,6.13,18.486887417218547,26.432913907284767,859.56,14.75018691588785,54,0,-1.1022224057392636,1,0,3115.8,20.0,2.05929762844746,1.5194684902974132,1281.52,138.0,5.366157947968219,-665.5040464734667,0.4956737287065091,0.4576022733215478,3296.0023031998026,2972.998501922232,3208.904756088081,3159.3018537367047,87.09754711172172,-559.708667930191,22,0,0,2,12.126309482113834,,,,6.13,18.486887417218547,26.432913907284767,-1.1022224057392636,1,0,2026-06-23,1281.52,138.0,5.366157947968219,-665.5040464734667,0.4576022733215478,2019,2026-06-23,current_2026_weather_with_2019_yield_baseline,3456.5464,-3.9054458,36.9095,11.447584,178.3439,237.6176,-26.113365,17.774754,44.372303,-8.223405,-8.441065,16.316338,11.097347,27.175406,1.542162,-1.919898,13.971201,1.3430285,3.7843854,-1.986621,2.450302,8.140125,3.7494843,-12.425673,-4.9898763,-1.619386,-30.648708,-0.83597845,-0.02079088,1.3018967,28.676088,-11.723863,0.3998646,3.2947285,-25.909555,4.3333735,-2.0540195,1.7198952,-8.673071,10.5465816653018,2.4517425127138875e-16,1.0,1.1022224057392638,20260629_170333,3456.5464,-1.1022224057392636,1.1022224057392638,0.0,0.0,0.0,stable,No significant change since last check.,4
Uttar Pradesh,Azamgarh,Wheat,2019,Rabi,232369.0,802368.0,3452.990717350421,,,,,,,,,,,,,26.023639,83.0293105,1025.31,29.88673202614379,33.84692810457516,73.51261437908497,5.78,18.37218543046357,26.67264900662252,1051.31,14.473411214953272,39,2,-1.086190498091835,1,0,3042.67,27.0,2.1300282911920303,237.4881437889973,1264.1999999999998,138.0,5.987468304957041,-641.6493414384713,0.4600914109487309,0.494076113090518,3691.9947665754,3440.0027223153293,3354.026397234412,3495.3412953750467,337.9683693409879,-163.7162045545938,22,0,0,2,12.35608620784766,,,,5.78,18.37218543046357,26.67264900662252,-1.086190498091835,1,0,2026-06-23,1264.1999999999998,138.0,5.987468304957041,-641.6493414384713,0.494076113090518,2019,2026-06-23,current_2026_weather_with_2019_yield_baseline,3757.8428,0.5494025,29.904274,8.588327,128.08186,408.53903,34.841675,39.972492,81.323906,-7.4731464,4.283464,9.766146,16.581123,35.602497,1.7455827,-3.8710167,16.055002,-0.9648166,12.851612,7.9301205,0.9209459,2.3065946,9.177311,-7.3141985,-9.673686,11.290161,-31.170938,-0.58243704,-0.016452193,0.89647365,28.706518,-8.991431,5.4579678,3.6965985,-31.386812,6.64386,-1.2068647,4.4461145,0.060447726,304.85205608707884,-1.4340380734741606e-16,0.9999999999999998,1.086190498091835,20260629_170333,3757.8428,-1.086190498091835,1.086190498091835,0.0,0.0,0.0,stable,No significant change since last check.,4
Uttar Pradesh,Sonbhadra,Wheat,2019,Rabi,60343.0,144001.0,2386.3745587723515,,,,,,,,,,,,,24.4148159,83.0637517,958.02,29.08947712418301,33.29098039215687,72.80568627450981,9.2,17.953774834437088,25.111192052980133,991.8,15.19247663551402,44,0,-1.078034864863879,1,0,2920.69,11.0,1.583630096444351,151.8379704543081,1201.02,139.0,6.685419007058346,-712.1717502495494,0.5164449368785442,0.4220211779865796,2703.9886826305983,2356.96650329808,2407.6447904020565,2489.533325443578,296.3438922285418,-1151.7222884993953,22,0,0,2,11.007816801533467,,,,9.2,17.953774834437088,25.111192052980133,-1.078034864863879,1,0,2026-06-23,1201.02,139.0,6.685419007058346,-712.1717502495494,0.4220211779865796,2019,2026-06-23,current_2026_weather_with_2019_yield_baseline,2961.271,-11.386198,66.66956,24.351173,193.7118,-283.17435,-21.223886,-22.688168,20.742416,1.7500113,-11.302548,-5.3232512,3.4324143,4.9615235,0.7289114,0.121160984,57.812424,-0.7632736,0.86854804,-0.43636078,12.756109,18.20396,9.131898,12.524885,-11.0640135,-0.7357294,-39.42553,-2.540429,-0.03680127,0.30917972,-54.33373,28.618202,4.92276,8.894274,-15.524949,44.261795,2.6148243,-6.1698904,-20.261644,574.8964373213985,-3.700743415417188e-17,0.9999999999999998,1.0780348648638791,20260629_170333,2961.271,-1.078034864863879,1.0780348648638791,0.0,0.0,0.0,stable,No significant change since last check.,4
Uttar Pradesh,Kushi Nagar,Wheat,2019,Rabi,119461.0,441528.0,3696.001205414319,,,,,,,,,,,,,26.7438272,83.9162322,1056.65,29.75712418300653,33.6897385620915,74.37065359477124,7.279999999999999,18.96801324503312,27.393907284768208,1079.53,14.473411214953272,37,2,-1.0470855951148397,1,0,3022.84,28.0,1.959905910523012,274.08159521395555,1354.17,138.0,5.843489234283559,-649.7638653401207,0.5198386440607997,0.4354889887026951,3193.003759273429,3503.00255663238,2981.998130999915,3226.0014823019083,211.00562827351405,-662.7072118565648,22,0,0,2,11.690753608151844,,,,7.279999999999999,18.96801324503312,27.393907284768208,-1.0470855951148397,1,0,2026-06-23,1354.17,138.0,5.843489234283559,-649.7638653401207,0.4354889887026951,2019,2026-06-23,current_2026_weather_with_2019_yield_baseline,3416.4238,3.1783502,28.07598,9.811858,152.02596,134.9814,52.49088,-5.3128257,62.49854,-7.851902,-1.4327792,15.303394,8.967228,19.28993,0.7861075,-2.3649278,31.205881,-3.4035623,5.256822,2.637091,-1.8490897,2.7021708,3.344567,-12.957571,-5.2690535,6.0261006,-32.61071,-0.90369445,-0.026833486,1.39435,41.96736,-1.4057789,5.23571,4.599432,-37.256702,4.3243203,-5.0355835,1.7768062,-14.053326,-279.577377289319,-2.706168622523819e-16,1.0,1.0470855951148395,20260629_170333,3416.4238,-1.0470855951148397,1.0470855951148397,0.0,0.0,-2.220446049250313e-16,stable,No significant change since last check.,4
Uttar Pradesh,Deoria,Wheat,2019,Rabi,153059.0,513972.0,3357.999202921749,,,,,,,,,,,,,26.4239911,83.7638578,1056.65,29.75712418300653,33.6897385620915,74.37065359477124,7.279999999999999,18.96801324503312,27.393907284768208,1079.53,14.473411214953272,37,2,-1.0470855951148397,1,0,3022.84,28.0,1.959905910523012,274.08159521395555,1354.17,138.0,5.843489234283559,-649.7638653401207,0.5687599440194946,0.4589433033108465,3326.000289462258,3142.997764030222,3344.000578384205,3270.999543958895,-18.000288921946776,-529.7106816677356,22,0,0,2,11.938585280363911,,,,7.279999999999999,18.96801324503312,27.393907284768208,-1.0470855951148397,1,0,2026-06-23,1354.17,138.0,5.843489234283559,-649.7638653401207,0.4589433033108465,2019,2026-06-23,current_2026_weather_with_2019_yield_baseline,3583.1008,-3.0673218,29.332937,10.242079,158.14587,288.64966,-8.601975,43.461845,61.99635,-7.9167676,-11.425264,7.4079723,15.216361,35.44382,2.162691,-5.320617,44.13621,-3.9970367,8.598064,3.3225932,-4.618023,3.1125624,-0.5019563,-8.366777,-5.77261,8.168208,-28.19718,-0.77844125,-0.022517301,1.5441618,31.97899,0.46333042,4.6566806,2.6287923,-41.89755,8.528616,-4.1895123,6.933042,-8.631958,225.1016271563758,-2.706168622523819e-16,1.0,1.0470855951148395,20260629_170333,3583.1008,-1.0470855951148397,1.0470855951148397,0.0,0.0,-2.220446049250313e-16,stable,No significant change since last check.,4
Uttar Pradesh,Jaunpur,Wheat,2019,Rabi,210908.0,758214.0,3594.998767235003,,,,,,,,,,,,,25.7967065,82.4888992,1053.3,29.81274509803922,33.76712418300654,73.53633986928104,8.92,18.209470198675497,26.439801324503307,1080.36,14.576635514018692,39,1,-1.0433204077163976,1,0,3031.3500000000004,27.0,1.9933707316244749,254.1798697500465,1239.63,93.0,6.244921886158445,-674.5093019791708,0.4991893385204438,0.5000486298423432,3710.997757104867,3539.9987480076466,3230.0017884677663,3493.666097860093,480.9959686371008,-144.7132140251265,22,0,0,2,12.259182039809549,,,,8.92,18.209470198675497,26.439801324503307,-1.0433204077163976,1,0,2026-06-23,1239.63,93.0,6.244921886158445,-674.5093019791708,0.5000486298423432,2019,2026-06-23,current_2026_weather_with_2019_yield_baseline,3850.3276,-25.164503,29.591341,10.08983,133.41261,427.8931,48.053593,25.83024,94.25327,-8.117924,3.6666224,7.67656,15.026141,34.56466,1.3859727,-2.9637702,47.40139,-3.9588766,11.584322,6.1662364,1.4690727,3.5822258,8.255518,-6.379952,-10.590729,13.195938,-30.482574,-0.58243704,-0.016645886,0.951607,30.891216,-0.2976048,4.939908,4.329565,7.329503,10.971055,4.5798154,1.5088035,0.006011095,255.32886948374696,5.273559366969494e-16,1.0,1.043320407716398,20260629_170333,3850.3276,-1.0433204077163976,1.043320407716398,0.0,0.0,0.0,stable,No significant change since last check.,4
Uttar Pradesh,Gorakhpur,Wheat,2019,Rabi,190449.0,703896.0,3695.981601373596,,,,,,,,,,,,,26.6677977,83.3642334,1107.88,29.745228758169937,33.69457516339869,74.15901960784313,8.559999999999999,18.83165562913907,27.437880794701982,1131.42,14.473411214953272,37,3,-0.9917449830342724,0,0,3021.02,27.0,1.9609142689282024,323.68807539381214,1333.5800000000002,138.0,6.392427359581775,-651.0119025947002,0.4217419397817615,0.4127664204018979,4017.5371984504313,4235.998189791046,3645.01734732266,3966.1842451880457,372.5198511277713,161.82622732043774,22,0,0,2,12.15714497190675,,,,8.559999999999999,18.83165562913907,27.437880794701982,-0.9917449830342724,0,0,2026-06-23,1333.5800000000002,138.0,6.392427359581775,-651.0119025947002,0.4127664204018979,2019,2026-06-23,current_2026_weather_with_2019_yield_baseline,4012.8684,-16.02325,31.394077,9.589507,96.7619,571.5891,112.07843,96.03798,198.72093,-7.3560424,-1.1636606,12.373335,7.463155,6.314201,1.7461293,-14.920491,4.5008335,-25.923605,10.707649,4.3925896,-11.448041,-1.1112932,10.40188,-1.6640954,-16.066126,2.7081184,-33.830433,0.037938036,-0.022152808,1.0414228,28.471632,18.748877,4.7317595,-4.0314884,-27.752235,8.502777,4.5874004,1.0519987,-20.051846,316.8868068295292,-2.544261098099317e-16,1.0,0.9917449830342722,20260629_170333,4012.8684,-0.9917449830342724,0.9917449830342722,0.0,0.0,0.0,stable,No significant change since last check.,4
Uttar Pradesh,Amethi,Wheat,2019,Rabi,126155.0,389314.0,3085.9973841702667,,,,,,,,,,,,,26.346274,81.6252039,1116.04,29.613660130718955,33.56156862745098,73.90509803921569,12.1,18.329735099337743,26.80112582781457,1140.47,14.389018691588785,37,2,-0.9632494212449572,0,0,3000.8900000000003,28.0,1.893141756052645,323.8715431164866,1257.7900000000002,138.0,5.874663161677022,-683.9548008365399,0.5817331358200428,0.4998602340786687,3542.001963467143,3876.000590066693,3060.999810999811,3493.000788177882,481.00215246733205,-313.7090076628506,22,0,0,2,11.745274515363832,,,,12.1,18.329735099337743,26.80112582781457,-0.9632494212449572,0,0,2026-06-23,1257.7900000000002,138.0,5.874663161677022,-683.9548008365399,0.4998602340786687,2019,2026-06-23,current_2026_weather_with_2019_yield_baseline,3755.8386,-6.422948,31.032106,9.967823,102.83534,405.3113,87.3917,7.13692,76.083046,-7.471224,5.7057257,8.441935,16.204418,32.004425,1.8830787,-5.4371214,52.55716,-5.892871,11.305262,2.9122384,-1.5144335,4.1543517,3.6026115,-7.4769316,-10.718007,9.970136,-27.680779,0.03762265,-0.0012530256,0.99665844,28.015978,3.4338255,8.345491,1.8661884,-42.10605,-0.8152636,3.7162657,6.3556385,-0.16972342,669.8412388766083,-4.255854927729767e-16,1.0,0.9632494212449567,20260629_170333,3755.8386,-0.9632494212449572,0.9632494212449568,0.0,0.0,-1.1102230246251565e-16,stable,No significant change since last check.,4
Uttar Pradesh,Banda,Wheat,2019,Rabi,161834.0,461299.0,2850.445518247093,,,,,,,,,,,,,25.4438537,80.5595237,998.6,29.936928104575166,34.11359477124183,71.71424836601308,14.929999999999998,18.6328476821192,26.258940397351,1023.27,14.56967289719626,48,2,-0.9249169423775504,0,0,3050.3500000000004,29.0,1.5495097038335568,183.2220168577548,1303.56,88.0,5.359579113007336,-699.6700978073035,0.4253165527633106,0.5100859507641509,3062.5594612187674,2288.2354051452407,2344.8774327059145,2565.224099689974,717.6820285128529,-793.1515099112262,22,0,0,2,11.99433257665355,,,,14.929999999999998,18.6328476821192,26.258940397351,-0.9249169423775504,0,0,2026-06-23,1303.56,88.0,5.359579113007336,-699.6700978073035,0.5100859507641509,2019,2026-06-23,current_2026_weather_with_2019_yield_baseline,3324.6135,-12.031078,74.13312,28.488438,193.89238,-35.382908,-20.886549,-26.87689,15.458864,2.8010528,2.755701,17.41387,7.321208,6.160807,0.8202605,-0.1930539,32.478195,1.906958,1.6996922,1.9060982,-1.0975505,10.244746,5.013761,1.0041127,-12.159585,4.4874988,-33.20024,0.044202592,-0.024907218,0.42318514,40.124477,23.297436,7.7175646,2.9405553,9.09719,14.458352,1.6948495,-2.4604337,10.866278,474.1680071435321,3.561965537339044e-16,0.9999999999999998,0.924916942377551,20260629_170333,3324.6135,-0.9249169423775504,0.924916942377551,0.0,0.0,0.0,stable,No significant change since last check.,4
Uttar Pradesh,Maharajganj,Wheat,2019,Rabi,148985.0,600708.0,4032.0032218008528,,,,,,,,,,,,,27.1424107,83.5390118,1215.43,29.37699346405229,33.18418300653595,75.93091503267974,11.909999999999998,18.75596026490066,26.695099337748346,1241.28,15.862803738317757,36,0,-0.9011093149280842,0,0,2964.68,20.0,1.749668133426563,413.7229111087452,1322.15,87.0,5.442328033435104,-682.0334856250522,0.5978310003468402,0.4877131947845066,4130.002504213169,3546.000838816581,3528.001987671068,3734.66844356694,602.0005165421012,274.29153308317564,22,0,0,2,11.91160762078156,,,,11.909999999999998,18.75596026490066,26.695099337748346,-0.9011093149280842,0,0,2026-06-23,1322.15,87.0,5.442328033435104,-682.0334856250522,0.4877131947845066,2019,2026-06-23,current_2026_weather_with_2019_yield_baseline,3929.9478,-13.6632395,27.498636,8.244771,104.24871,622.6047,41.989983,86.372215,118.33201,-5.831174,-0.093381576,7.9269123,8.391667,8.086318,0.97605336,-23.863876,26.580717,-18.87167,4.7991467,3.4781349,-12.233838,0.99618256,7.6386285,-4.505018,-19.491426,-3.596872,-40.9393,0.039676327,-0.010384635,1.677497,10.6698065,14.061952,5.6796527,-4.315119,-2.016585,15.827227,8.681447,2.895295,-8.592471,-102.05546789460276,1.989149585786739e-16,1.0,0.9011093149280844,20260629_170333,3929.9478,-0.9011093149280842,0.9011093149280844,0.0,0.0,0.0,stable,No significant change since last check.,4
Uttar Pradesh,Ballia,Wheat,2019,Rabi,137020.0,522432.0,3812.815647350752,,,,,,,,,,,,,25.8749595,84.1210329,824.91,30.102941176470587,34.16039215686274,72.92294117647059,11.62,18.67,26.836225165562915,851.4,14.737943925233646,43,1,-0.883764131733787,0,0,3075.75,28.0,1.9358979793978583,19.427803444945766,1309.17,139.0,6.680003137659408,-671.0709488864568,0.5041503957569682,0.4401755155761735,3841.971411032184,3616.478683926015,3940.22445792322,3799.5581842938063,-98.25304689103632,-13.739560097809772,22,0,0,2,11.8278894777349,,,,11.62,18.67,26.836225165562915,-0.883764131733787,0,0,2026-06-23,1309.17,139.0,6.680003137659408,-671.0709488864568,0.4401755155761735,2019,2026-06-23,current_2026_weather_with_2019_yield_baseline,4029.4187,-12.088427,35.093876,9.447853,159.17787,433.70264,60.146507,129.11205,153.21024,-11.939885,4.416234,7.498252,16.7164,25.779585,1.3372679,-1.2721249,51.29925,2.1263354,11.842565,0.7972726,1.6171924,4.143852,10.902414,-9.00805,-11.815847,12.68422,-27.002712,0.0416185,-0.016504914,1.7898574,31.154003,7.232295,0.108584896,2.231268,-22.58455,7.7912984,2.636267,3.03675,-12.2047615,216.603053821123,3.2612801348363973e-16,0.9999999999999999,0.8837641317337874,20260629_170333,4029.4187,-0.883764131733787,0.8837641317337874,0.0,0.0,0.0,stable,No significant change since last check.,4
Uttar Pradesh,Fatehpur,Wheat,2019,Rabi,179472.0,710602.0,3959.403138093965,,,,,,,,,,,,,25.8348023,80.9154547,963.34,29.818235294117645,33.972418300653594,71.90111111111112,16.14,18.19291390728477,26.10304635761589,984.61,14.56967289719626,45,2,-0.8733212449889296,0,0,3032.19,29.0,1.699438359293667,151.35805621943268,1237.13,88.0,5.101036035006191,-698.7487294918622,0.4575778862331348,0.494466977754832,3988.1286536141774,3475.533434016372,3494.962940209446,3652.875009279999,493.1657134047314,132.41768248418384,22,0,0,2,12.097780057769276,,,,16.14,18.19291390728477,26.10304635761589,-0.8733212449889296,0,0,2026-06-23,1237.13,88.0,5.101036035006191,-698.7487294918622,0.494466977754832,2019,2026-06-23,current_2026_weather_with_2019_yield_baseline,4008.987,-18.892563,30.385563,8.651892,126.20149,598.87213,42.511166,74.5378,108.686005,-15.24998,5.591394,12.240747,10.929298,14.526815,1.5463653,-7.1006107,26.813156,-1.6402153,10.486005,6.149444,-3.051898,4.07165,11.551358,-5.234318,-17.827837,10.216754,-28.66462,0.03967975,-0.01977112,1.4741275,24.363886,12.083926,2.8549478,1.4544868,-4.187723,1.6190454,8.149619,4.342113,0.22934817,49.58392245290997,-3.978299171573478e-16,0.9999999999999998,0.8733212449889294,20260629_170333,4008.987,-0.8733212449889296,0.8733212449889294,0.0,0.0,0.0,stable,No significant change since last check.,4
Uttar Pradesh,Lucknow,Wheat,2019,Rabi,83026.0,257381.0,3100.004817767928,,,,,,,,,,,,,26.8312463,80.9174154,1016.12,29.545424836601303,33.680457516339864,72.95117647058824,87.03000000000002,18.282119205298013,26.86927152317881,1048.66,14.519579439252336,37,3,0.8562876952508046,0,0,2990.45,29.0,1.8759309722814004,204.1579869880003,1250.6,88.0,8.921384463442001,-619.2912304666118,0.3319389682316466,0.306823720384745,3604.999873356805,3263.00113985954,2841.998062545021,3236.6663585871224,763.0018108117838,-250.7110977731886,22,0,0,2,11.32692113508459,,,,87.03000000000002,18.282119205298013,26.86927152317881,0.8562876952508046,0,0,2026-06-23,1250.6,88.0,8.921384463442001,-619.2912304666118,0.306823720384745,2019,2026-06-23,current_2026_weather_with_2019_yield_baseline,3763.0298,-11.166666,30.172518,10.7467575,156.61143,450.8507,43.54392,-19.936728,45.827656,3.712802,-3.5976858,6.731942,15.33734,30.91269,1.3137236,-1.693214,14.586568,-2.6659384,10.81626,3.102975,-3.348893,3.2987723,6.6281967,-5.6239753,-9.785227,6.5308113,9.586315,0.027502418,0.0021428734,1.2169921,26.09447,1.7148314,6.221959,5.25915,10.209537,18.348719,-14.539268,-22.638964,-11.6561775,663.0249673883218,3.006854025026466e-16,1.0,0.8562876952508043,20260629_170333,3763.0298,0.8562876952508046,0.8562876952508043,0.0,0.0,0.0,stable,No significant change since last check.,4
Uttar Pradesh,Sant Kabeer Nagar,Wheat,2019,Rabi,90988.0,355399.0,3905.998593221084,,,,,,,,,,,,,26.755082,83.0398545,1225.06,29.50797385620915,33.3824183006536,75.20418300653594,15.840000000000002,18.838344370860927,27.306887417218544,1250.84,14.473411214953272,37,0,-0.7894707901077394,0,0,2984.72,28.0,1.9107420665698849,451.4962242204674,1334.59,87.0,5.82629606799507,-632.3478784371491,0.4965245396635997,0.4237397576151564,3355.9967602828187,3205.003919663461,3377.1792189679218,3312.7266329714,-21.18245868510303,-499.71421084717485,22,0,0,2,11.418493899071638,,,,15.840000000000002,18.838344370860927,27.306887417218544,-0.7894707901077394,0,0,2026-06-23,1334.59,87.0,5.82629606799507,-632.3478784371491,0.4237397576151564,2019,2026-06-23,current_2026_weather_with_2019_yield_baseline,3667.8252,-14.071722,33.5703,9.5208435,138.6121,313.0808,12.611449,44.85374,80.75494,-8.442986,-0.9878746,10.11452,15.607863,33.755745,1.4960215,-14.7437725,54.363605,-7.0324955,6.962699,1.9117211,-2.2424362,2.3818989,0.05762427,-11.197507,-8.079177,-2.3944259,-18.931797,0.0412411,-0.022772495,1.2601008,33.062923,3.6145627,7.0834723,3.0124385,7.188075,8.354217,-7.687913,3.2111864,-13.102218,-238.1733979085839,-3.3769283665681843e-16,0.9999999999999998,0.7894707901077392,20260629_170333,3667.8252,-0.7894707901077394,0.7894707901077392,0.0,0.0,0.0,stable,No significant change since last check.,4
Uttar Pradesh,Ambedkar Nagar,Wheat,2019,Rabi,119046.0,466422.0,3917.998084773953,,,,,,,,,,,,,26.4045941,82.6065154,1128.22,29.65607843137255,33.600718954248364,74.2478431372549,18.469999999999995,18.424701986754968,26.916026490066223,1153.84,14.317897196261685,38,3,-0.7628778779174084,0,0,3007.38,28.0,1.8958571960421813,342.2475245020204,1272.13,87.0,6.350727433488218,-645.428961589336,0.5428424689434177,0.5043911219327666,4098.964230301505,4110.996044344091,3549.0038909206287,3919.654721855408,549.9603393808766,243.25325917151167,22,0,0,2,11.687273652101489,,,,18.469999999999995,18.424701986754968,26.916026490066223,-0.7628778779174084,0,0,2026-06-23,1272.13,87.0,6.350727433488218,-645.428961589336,0.5043911219327666,2019,2026-06-23,current_2026_weather_with_2019_yield_baseline,4135.4575,-19.528465,31.311531,9.503063,89.235695,647.2448,108.745316,84.34678,200.11893,2.9462497,-5.8962555,7.472358,5.2916803,6.0009913,1.635283,-21.453495,35.22447,-27.644867,6.088096,3.4422903,-12.643462,0.98518807,8.4538765,-3.846961,-23.250309,5.5781446,-21.661524,0.03773462,-0.01165245,1.1905891,27.0073,17.80803,3.7851722,-7.0138335,-1.1022199,14.464641,7.1467066,-1.2312723,5.401076,217.459434757297,-8.326672684688674e-17,1.0,0.7628778779174082,20260629_170333,4135.4575,-0.7628778779174084,0.7628778779174082,0.0,0.0,0.0,stable,No significant change since last check.,4
Uttar Pradesh,Sultanpur,Wheat,2019,Rabi,104036.0,412815.0,3968.00146103272,,,,,,,,,,,,,26.2604732,82.2380532,1128.22,29.65607843137255,33.600718954248364,74.2478431372549,18.469999999999995,18.424701986754968,26.916026490066223,1153.84,14.317897196261685,38,3,-0.7628778779174084,0,0,3007.38,28.0,1.8958571960421813,342.2475245020204,1272.13,87.0,6.350727433488218,-645.428961589336,0.5452555249984302,0.5010164167891461,4173.999866234796,4029.968137575837,3387.003303071659,3863.6571022940975,786.9965631631371,318.2888951048026,22,0,0,2,11.552501884083412,,,,18.469999999999995,18.424701986754968,26.916026490066223,-0.7628778779174084,0,0,2026-06-23,1272.13,87.0,6.350727433488218,-645.428961589336,0.5010164167891461,2019,2026-06-23,current_2026_weather_with_2019_yield_baseline,4086.9768,-18.818398,28.771744,8.684639,93.716156,673.5081,109.05187,51.085846,150.47647,1.5899054,-3.3806245,7.318526,6.4153657,6.776014,1.6661558,-21.135773,35.124443,-27.919464,4.968178,3.8494549,-13.689812,0.6302145,8.072904,-2.4695764,-21.293123,7.9617324,-18.894749,0.03773462,-0.012141504,1.2082678,30.204885,16.134092,5.004719,-4.812955,-3.8165262,14.126793,5.9131026,-1.3591126,2.0059683,118.97534560790518,-8.326672684688674e-17,1.0,0.7628778779174082,20260629_170333,4086.9768,-0.7628778779174084,0.7628778779174082,0.0,0.0,0.0,stable,No significant change since last check.,4
Uttar Pradesh,Gonda,Wheat,2019,Rabi,155438.0,510148.0,3282.003113781701,,,,,,,,,,,,,27.1103723,81.9238906,1224.26,29.456339869281045,33.313071895424834,74.64411764705882,24.29,18.299470198675497,26.66774834437086,1251.38,15.36373831775701,36,1,-0.6915316875699127,0,0,2976.82,28.0,1.938197448609777,401.6670067775017,1253.2199999999998,87.0,6.510723315320627,-648.0724585142732,0.5166672974502127,0.4430907287163158,3149.998297640529,3003.9986001659063,3095.999384125844,3083.332093977426,53.99891351468523,-705.7126734894646,22,0,0,2,11.95400865068014,,,,24.29,18.299470198675497,26.66774834437086,-0.6915316875699127,0,0,2026-06-23,1253.2199999999998,87.0,6.510723315320627,-648.0724585142732,0.4430907287163158,2019,2026-06-23,current_2026_weather_with_2019_yield_baseline,3306.2852,-14.531378,36.663326,11.862719,132.18332,-30.697195,-10.984213,14.347755,83.95347,-9.31467,2.54564,20.724806,2.8896337,9.812287,0.9494831,-2.1166618,30.513824,-4.8640513,1.0591105,2.3958778,5.16082,2.389221,3.1117435,-16.791565,-5.546976,5.7990417,-12.716979,0.099888444,-0.03810202,0.30910173,51.864742,3.0988414,8.166619,2.988396,9.307361,38.354473,-6.106017,0.46511722,-11.300214,24.282042468299096,3.1456319031046104e-16,0.9999999999999998,0.6915316875699131,20260629_170333,3306.2852,-0.6915316875699127,0.6915316875699131,0.0,0.0,0.0,stable,No significant change since last check.,4
Uttar Pradesh,Faizabad,Wheat,2019,Rabi,110184.0,409113.0,3712.998257460249,,,,,,,,,,,,,26.75,82.0,1224.26,29.456339869281045,33.313071895424834,74.64411764705882,24.29,18.299470198675497,26.66774834437086,1251.38,14.317897196261685,36,1,-0.6915316875699127,0,0,2976.82,28.0,1.938197448609777,447.2672424456501,1253.2199999999998,87.0,6.510723315320627,-632.2451502211901,0.5042952550432989,0.4284217727358861,3888.001054107726,3779.00112572417,3288.996044861028,3651.999408230975,599.0050092466977,32.290082977732254,22,0,0,2,11.609916050283855,,,,24.29,18.299470198675497,26.66774834437086,-0.6915316875699127,0,0,2026-06-23,1253.2199999999998,87.0,6.510723315320627,-632.2451502211901,0.4284217727358861,2019,2026-06-23,current_2026_weather_with_2019_yield_baseline,3905.796,-16.756615,27.457989,8.021991,118.41496,517.93475,63.265423,39.88535,117.58874,-7.939468,-4.1327653,7.8046327,12.344094,24.639479,1.3107123,-12.902293,39.024624,-13.107052,7.2029076,6.288789,-0.60366005,1.2641966,6.0062222,-6.822925,-13.292231,9.115979,-14.340667,0.0375942,-0.009851945,1.1769924,28.307165,7.287371,6.437279,3.0277538,-2.049842,16.112291,-6.622644,0.37460777,-16.234156,192.7976409772509,3.1456319031046104e-16,0.9999999999999998,0.6915316875699131,20260629_170333,3905.796,-0.6915316875699127,0.6915316875699131,0.0,0.0,0.0,stable,No significant change since last check.,4
Uttar Pradesh,Agra,Wheat,2019,Rabi,137283.0,555307.0,4044.9800776498178,,,,,,,,,,,,,27.0755504,77.8753832,621.57,30.73581699346405,35.59725490196079,64.2262091503268,62.99,18.45569536423841,26.647814569536425,638.82,15.035327102803738,61,2,0.6346540399483444,0,0,3172.58,28.0,1.692220222302044,-309.7809210269081,1276.81,83.0,7.25482508995694,-660.4504507593346,0.4734820449785271,0.5555136670193339,4368.998783703133,4036.998417686906,4079.9981330657406,4161.998444818593,289.0006506373925,513.2878125731395,22,0,0,2,11.829807051826435,,,,62.99,18.45569536423841,26.647814569536425,0.6346540399483444,0,0,2026-06-23,1276.81,83.0,7.25482508995694,-660.4504507593346,0.5555136670193339,2019,2026-06-23,current_2026_weather_with_2019_yield_baseline,4431.135,-18.361616,39.398453,9.328113,92.609314,835.9464,106.94285,101.96878,212.58867,-4.122381,-20.171331,8.192579,4.0576873,4.904123,0.8273475,4.7685423,17.90887,7.683191,10.932225,1.9177477,-3.1293135,2.2881129,9.058301,-2.9487917,-32.701263,6.9070406,9.745555,0.036890455,-0.0052023977,1.6525564,21.713163,16.7977,-0.86902076,-1.685366,-3.8475015,11.341187,10.359726,1.6265168,17.200914,386.15468797518224,-1.3877787807814457e-17,1.0,0.6346540399483444,20260629_170333,4431.135,0.6346540399483444,0.6346540399483444,0.0,0.0,0.0,stable,No significant change since last check.,4
Uttar Pradesh,Rae Bareli,Wheat,2019,Rabi,133141.0,447753.0,3362.998625517309,,,,,,,,,,,,,26.25,81.25,1095.54,29.58816993464052,33.60633986928105,73.4081045751634,25.15,18.20066225165563,26.601258278145696,1120.64,14.389018691588785,38,2,-0.6163078970115153,0,0,2996.99,29.0,1.8478807604248315,296.95807189791594,1238.2999999999995,88.0,5.75549327165206,-667.9544861942036,0.4953918484200908,0.4205442797985164,3446.003109025141,3362.999463409841,3276.996709542327,3361.999760659103,169.00639948281378,-409.7078621048527,22,0,0,2,11.799171506823452,,,,25.15,18.20066225165563,26.601258278145696,-0.6163078970115153,0,0,2026-06-23,1238.2999999999995,88.0,5.75549327165206,-667.9544861942036,0.4205442797985164,2019,2026-06-23,current_2026_weather_with_2019_yield_baseline,3765.0325,-17.285315,32.134815,8.908406,148.15765,360.21338,32.12497,33.852955,73.10812,-5.131333,1.3874761,9.138591,15.269046,34.306293,2.3072565,-6.94867,45.65385,-7.699114,9.1156025,3.2623951,3.925468,3.4743338,9.693043,-12.721115,-8.624249,10.839416,-11.597403,0.040530775,-0.022178575,0.7532778,28.834513,6.8842573,3.454047,4.1576858,5.3077154,6.7117815,2.1522517,2.9666407,-13.350995,402.03384518581606,0.0,0.9999999999999999,0.6163078970115154,20260629_170333,3765.0325,-0.6163078970115153,0.6163078970115154,0.0,0.0,0.0,stable,No significant change since last check.,4
Uttar Pradesh,Hamirpur,Wheat,2019,Rabi,111468.0,364655.0,3271.387303979617,,,,,,,,,,,,,25.75,80.0,876.82,29.95888888888889,34.235359477124184,70.95797385620915,23.5,18.524900662251653,26.44754966887417,894.68,14.56967289719626,46,2,-0.5898913499588457,0,0,3053.71,29.0,1.462753959489523,52.79042217073561,1287.26,84.0,5.716227616995967,-701.1694201176268,0.3872722886671403,0.5349243076665403,3210.363488929629,3129.756347690784,3036.470248539635,3125.530028386683,173.8932403899939,-645.3474822003645,22,0,0,2,11.621501804319836,,,,23.5,18.524900662251653,26.44754966887417,-0.5898913499588457,0,0,2026-06-23,1287.26,84.0,5.716227616995967,-701.1694201176268,0.5349243076665403,2019,2026-06-23,current_2026_weather_with_2019_yield_baseline,3566.148,-18.701273,40.560825,12.288116,177.7676,153.66283,0.00123352,4.478378,67.28418,-4.058904,-1.688094,22.077377,6.233356,20.095676,0.81196254,-1.8741282,36.94632,1.9534329,4.5282745,0.3162429,-0.41465124,5.0663195,6.225799,-18.56142,-4.771042,2.9967709,-12.271247,0.04966565,-0.02702785,0.08743041,49.702816,17.064877,1.5054079,3.1563785,10.03376,10.1890955,8.304229,4.3035293,10.546672,294.7606452391328,-5.458596537740353e-16,1.0,0.5898913499588452,20260629_170333,3566.148,-0.5898913499588457,0.5898913499588452,0.0,0.0,0.0,stable,No significant change since last check.,4
Uttar Pradesh,Mahoba,Wheat,2019,Rabi,84331.0,242804.0,2879.178475293783,,,,,,,,,,,,,25.3615938,79.706011,984.51,29.82764705882353,34.03437908496732,71.53065359477125,25.169999999999995,18.47218543046358,26.02198675496689,1005.5,14.985046728971964,47,2,-0.5857667618858743,0,0,3033.63,29.0,1.416663928480924,150.61341634470182,1279.3,88.0,6.092640217103748,-732.7894592732905,0.4278771768664058,0.5114730692588936,2815.7216652215857,1790.8831673347936,2529.066630698678,2378.5571544183526,286.6550345229075,-1039.989305908408,22,0,0,2,11.342516668639885,,,,25.169999999999995,18.47218543046358,26.02198675496689,-0.5857667618858743,0,0,2026-06-23,1279.3,88.0,6.092640217103748,-732.7894592732905,0.5114730692588936,2019,2026-06-23,current_2026_weather_with_2019_yield_baseline,3276.0195,-10.65885,77.41267,25.439278,207.25456,-124.05773,-37.169956,-13.753556,21.188627,3.094426,-7.096477,12.619516,6.5599627,5.7944098,0.87478507,-1.5336115,30.307987,1.7195748,4.306168,1.690687,1.7324929,6.9151535,5.272371,3.903938,-12.920938,3.277246,-10.084362,0.04489774,-0.03382317,0.0032091592,30.61638,15.649269,2.8540797,3.1918437,14.86703,47.146637,4.099167,-3.6171134,8.834927,396.84105595621713,-1.8503717077085943e-16,1.0,0.5857667618858741,20260629_170333,3276.0195,-0.5857667618858743,0.5857667618858741,0.0,0.0,0.0,stable,No significant change since last check.,4
Uttar Pradesh,Balrampur,Wheat,2019,Rabi,88122.0,324641.0,3683.994916138989,,,,,,,,,,,,,27.4476988,82.3956245,1305.07,29.03333333333333,32.999607843137255,74.85614379084967,84.10000000000001,19.03774834437086,27.2417880794702,1342.2,15.90018691588785,38,0,0.5641018619095262,0,0,2912.1,29.0,2.2991059323984064,480.8217549330705,1364.7,88.0,8.744729380160912,-603.5206017895295,0.5069367684235503,0.4818579983889336,3503.995233756221,3645.9998307318433,2867.0020993063163,3338.999054598127,636.9931344499046,-351.71573737377275,22,0,0,2,11.386488844821573,,,,84.10000000000001,19.03774834437086,27.2417880794702,0.5641018619095262,0,0,2026-06-23,1364.7,88.0,8.744729380160912,-603.5206017895295,0.4818579983889336,2019,2026-06-23,current_2026_weather_with_2019_yield_baseline,3658.022,-17.487408,26.095741,8.606604,138.50453,372.2487,68.48262,-19.073528,76.59139,1.3431202,1.6963362,5.592439,14.779114,33.678356,1.0965598,-11.686138,8.109249,-6.904478,8.883913,3.5123158,-13.197801,1.4877483,-2.3227184,-7.674801,-10.87266,-2.4791732,9.577113,0.031583294,0.008200124,1.4461477,28.297436,-12.888935,6.839239,4.5584183,6.6561527,13.705512,-25.277094,1.682006,-5.9017396,-25.972943482739083,-9.71445146547012e-17,0.9999999999999999,0.5641018619095264,20260629_170333,3658.022,0.5641018619095262,0.5641018619095264,0.0,0.0,0.0,stable,No significant change since last check.,4
Uttar Pradesh,Firozabad,Wheat,2019,Rabi,101892.0,412663.0,4050.003925725278,,,,,,,,,,,,,27.1941954,78.4604956,669.55,30.41830065359477,35.15300653594771,66.4770588235294,59.69,18.149602649006624,26.213708609271524,691.04,14.971822429906542,57,2,0.5477390214240616,0,0,3124.0,28.0,1.5952973208553085,-236.86654998944528,1230.59,83.0,6.749467077092593,-624.6137733594094,0.4211332850539485,0.5330643306795246,3767.9993114429567,3395.0019271435567,3795.0018715892734,3652.667703391929,-27.00256014631668,-87.7116596870369,22,0,0,2,11.531678522052395,,,,59.69,18.149602649006624,26.213708609271524,0.5477390214240616,0,0,2026-06-23,1230.59,83.0,6.749467077092593,-624.6137733594094,0.5330643306795246,2019,2026-06-23,current_2026_weather_with_2019_yield_baseline,3970.1482,-29.714317,35.81485,9.107268,152.69736,403.04346,48.36211,128.27637,115.67012,-12.315677,3.1333804,7.7913017,15.085056,30.13487,0.9040271,4.258075,23.596706,3.2444825,7.928445,2.847008,4.6520834,4.850885,3.7876887,-15.379195,-12.9665,12.902831,9.0406275,0.03973521,-0.016234951,2.1252592,27.089256,20.855957,-2.1650846,2.2220151,0.37851232,16.423744,-8.08426,0.68060064,3.5687823,-79.8557323659029,-3.700743415417188e-17,0.9999999999999999,0.5477390214240617,20260629_170333,3970.1482,0.5477390214240616,0.5477390214240617,0.0,0.0,0.0,stable,No significant change since last check.,4
Punjab,Nawanshahr,Wheat,2019,Rabi,77000.0,391000.0,5077.922077922078,,,,,,,,,,,,,31.126969,76.1598988,808.15,29.741895424836603,34.72450980392157,61.12183006535948,131.14,17.0376821192053,24.416887417218543,878.83,16.750981308411216,46,1,0.4774574332041087,0,0,3020.51,22.0,1.9033251924344416,-225.0484220597284,1063.47,61.0,5.207092263189989,-497.0768345907294,0.5577095675215151,0.5627011329739582,5000.0,5000.0,4921.052631578948,4973.684210526316,78.94736842105158,-89.24269516296408,22,0,0,0,11.251573687764475,,,,131.14,17.0376821192053,24.416887417218543,0.4774574332041087,0,0,2026-06-23,1063.47,61.0,5.207092263189989,-497.0768345907294,0.5627011329739582,2019,2026-06-23,current_2026_weather_with_2019_yield_baseline,5035.6743,30.666473,37.422935,10.92728,128.47891,1129.9403,154.0728,179.91177,318.19995,-2.7169733,5.3948784,2.3484368,7.7879634,7.958538,0.7237686,-7.9390764,-45.712147,-3.7950902,4.7476683,0.08946564,18.389692,9.090793,10.493789,-4.4725146,-18.719765,17.029243,28.127506,0.029962335,-0.0005254131,1.0394547,14.092626,26.280682,0.087049246,10.6331625,4.2426286,-2.3280172,-36.61573,29.613865,19.877287,-42.24776151582773,1.1564823173178715e-16,0.9999999999999999,0.47745743320410866,20260629_170333,5035.6743,0.4774574332041087,0.4774574332041086,0.0,0.0,5.551115123125783e-17,stable,No significant change since last check.,4
Punjab,Rupnagar,Wheat,2019,Rabi,69000.0,299000.0,4333.333333333333,,,,,,,,,,,,,31.0917102,76.5289701,808.15,29.741895424836603,34.72450980392157,61.12183006535948,131.14,17.0376821192053,24.416887417218543,878.83,16.750981308411216,46,1,0.4774574332041087,0,0,3020.51,22.0,1.9033251924344416,-225.0484220597284,1063.47,61.0,5.207092263189989,-497.0768345907294,0.5929132008973417,0.5677286715947836,4565.217391304348,4865.671641791045,4823.529411764705,4751.472814953366,-258.3120204603574,-524.0253038586161,22,0,0,0,11.141876276228,,,,131.14,17.0376821192053,24.416887417218543,0.4774574332041087,0,0,2026-06-23,1063.47,61.0,5.207092263189989,-497.0768345907294,0.5677286715947836,2019,2026-06-23,current_2026_weather_with_2019_yield_baseline,4775.913,31.084461,40.70321,11.990108,126.466644,964.40894,144.6958,178.07407,294.5813,-4.9500604,-8.903851,-3.8719957,7.3101387,7.2563434,0.7270121,-6.94414,-58.44503,-5.229308,6.6014657,1.690114,15.7382345,7.728786,5.9259057,-2.9565125,-24.878971,14.615383,21.085485,0.029218446,0.011272924,1.5217708,15.873667,30.473394,0.63962287,9.557181,4.6648545,1.6355029,-38.056564,18.801416,15.98161,442.57975260416697,1.1564823173178715e-16,0.9999999999999999,0.47745743320410866,20260629_170333,4775.913,0.4774574332041087,0.4774574332041086,0.0,0.0,5.551115123125783e-17,stable,No significant change since last check.,4
Punjab,Hoshiarpur,Wheat,2019,Rabi,142000.0,609000.0,4288.732394366197,,,,,,,,,,,,,31.6092942,75.8459754,802.53,30.059281045751632,35.22732026143791,60.16346405228758,129.59,16.549470198675497,24.036887417218544,887.7,16.050280373831775,50,3,0.4129781776846076,0,0,3069.07,14.0,1.9240131810676016,-242.8506733446568,991.77,61.0,5.084240265402085,-445.0294392688455,0.5733731173983547,0.6248460891481092,4243.055555555556,4335.664335664336,4122.448979591836,4233.722956937242,120.60657596371948,-846.1871396074084,22,0,0,0,11.863589378812122,,,,129.59,16.549470198675497,24.036887417218544,0.4129781776846076,0,0,2026-06-23,991.77,61.0,5.084240265402085,-445.0294392688455,0.6248460891481092,2019,2026-06-23,current_2026_weather_with_2019_yield_baseline,4119.724,34.18592,33.33154,9.4450445,74.094795,691.73486,115.36449,111.950714,220.36443,-9.751186,3.4169524,9.951067,4.685363,5.3823624,-0.13318647,-4.2527204,-44.160767,-4.471671,5.512664,0.13274857,18.597284,7.834149,3.9591541,-14.625372,-15.574464,5.8046417,13.513074,0.02942186,0.004200903,0.56914353,-106.47775,14.197109,-1.0629941,10.710334,0.74703187,1.9844522,-52.520596,8.390988,16.585905,-169.0082732724468,1.249000902703301e-16,1.0000000000000002,0.4129781776846074,20260629_170333,4119.724,0.4129781776846076,0.4129781776846074,0.0,0.0,0.0,stable,No significant change since last check.,4
Punjab,Jalandhar,Wheat,2019,Rabi,173000.0,870000.0,5028.901734104046,,,,,,,,,,,,,31.2922312,75.5678878,802.53,30.059281045751632,35.22732026143791,60.16346405228758,129.59,16.549470198675497,24.036887417218544,887.7,16.050280373831775,50,3,0.4129781776846076,0,0,3069.07,14.0,1.9240131810676016,-242.8506733446568,991.77,61.0,5.084240265402085,-445.0294392688455,0.4311642800648188,0.3592619443030474,4970.588235294118,5064.7058823529405,4844.311377245509,4959.868498297522,126.27685804860904,-118.65445986884606,22,0,0,0,12.06105265381003,,,,129.59,16.549470198675497,24.036887417218544,0.4129781776846076,0,0,2026-06-23,991.77,61.0,5.084240265402085,-445.0294392688455,0.3592619443030474,2019,2026-06-23,current_2026_weather_with_2019_yield_baseline,4583.6523,32.468178,31.958899,9.0785885,122.24846,1035.4644,148.51778,165.38152,280.35144,-2.7288961,8.056345,20.217682,4.7919016,6.8734593,0.71546024,-6.5261073,-72.7534,-5.1694407,4.0324574,-0.22132221,18.534523,16.376184,12.199366,-8.134916,-15.295846,10.211521,25.774254,0.03167503,-0.00020131283,0.92427915,-125.21722,16.308943,0.9829515,10.829544,3.0144317,-3.9683008,-37.52377,-30.069508,-44.35815,-445.2493903540462,1.249000902703301e-16,1.0000000000000002,0.4129781776846074,20260629_170333,4583.6523,0.4129781776846076,0.4129781776846074,0.0,0.0,0.0,stable,No significant change since last check.,4
Uttar Pradesh,Unnao,Wheat,2019,Rabi,242533.0,801572.0,3305.0017935703595,,,,,,,,,,,,,26.5673264,80.6198193,990.53,29.655228758169933,33.78104575163399,72.56888888888889,33.61,18.255298013245028,26.582119205298014,1014.01,14.519579439252336,40,2,-0.3968866381365648,0,0,3007.25,29.0,1.8123598478082248,177.48296711417515,1246.5499999999995,88.0,5.631951367964158,-669.1529852613152,0.4545724835552947,0.4533669823899699,3873.998982962556,3267.001694235507,3190.998009103601,3443.9995621005546,683.0009738589551,18.28801183256246,22,0,0,2,12.398897185717273,,,,33.61,18.255298013245028,26.582119205298014,-0.3968866381365648,0,0,2026-06-23,1246.5499999999995,88.0,5.631951367964158,-669.1529852613152,0.4533669823899699,2019,2026-06-23,current_2026_weather_with_2019_yield_baseline,3944.6367,-20.982882,31.224695,9.909322,147.28098,527.24774,40.327106,5.436214,94.20133,-5.7380176,0.41643217,8.318699,15.309819,28.104364,1.437011,-3.1174834,33.09019,-0.2946275,11.442444,7.312217,2.1998978,3.3314648,9.19925,-5.6259627,-10.65777,8.640644,-4.704212,0.04093664,-0.0035450968,1.520057,26.842691,6.862765,5.346891,4.914132,4.678415,11.818459,3.6272974,4.225117,-8.822018,639.6349251796405,-2.312964634635743e-17,1.0,0.3968866381365648,20260629_170333,3944.6367,-0.3968866381365648,0.3968866381365648,0.0,0.0,0.0,stable,No significant change since last check.,4
Punjab,Pathankot,Wheat,2019,Rabi,40000.0,158000.0,3950.0,,,,,,,,,,,,,32.3021899,75.6589406,815.43,25.087908496732027,29.63307189542484,64.68686274509804,207.26,13.853443708609271,19.94443708609272,999.18,16.453971962616823,26,5,0.3806180554958877,0,0,2308.45,14.0,1.653883147764027,-69.21656090125396,618.11,45.0,4.12441396680278,-296.3301905601128,0.5706957606346715,0.5141797087820905,3975.609756097561,4024.390243902439,4097.5609756097565,4032.520325203253,-121.95121951219562,-1113.6329390654032,22,0,0,0,10.59665973278358,,,,207.26,13.853443708609271,19.94443708609272,0.3806180554958877,0,0,2026-06-23,618.11,45.0,4.12441396680278,-296.3301905601128,0.5141797087820905,2019,2026-06-23,current_2026_weather_with_2019_yield_baseline,3572.948,40.246746,32.40383,8.298222,71.321556,389.5513,91.54756,138.29369,185.85402,-6.3916745,-30.359121,-56.634098,3.2084272,8.639172,1.0877258,-2.7539756,-114.62384,-6.4706764,-33.39655,-7.2651253,9.495921,5.5491996,7.3100247,-18.470875,-14.185176,3.0094974,12.895232,0.026371112,-0.0036548655,-2.2348614,-75.750916,27.202011,-2.5082226,5.429313,-1.39393,-2.3768735,-47.138817,7.447416,-4.1880126,-377.052001953125,0.0,1.0,0.3806180554958877,20260629_170333,3572.948,0.3806180554958877,0.3806180554958877,0.0,0.0,0.0,stable,No significant change since last check.,4
Punjab,Ludhiana,Wheat,2019,Rabi,250000.0,1275000.0,5100.0,,,,,,,,,,,,,30.789407,75.8269724,709.0600000000001,30.39248366013072,35.84424836601307,58.90895424836601,103.28000000000002,16.650728476821193,24.8353642384106,772.3100000000001,16.714158878504673,60,4,0.3738924355055504,0,0,3120.05,28.0,2.08852328056808,-398.4629639908744,1007.62,61.0,5.664773918449305,-536.5699212646243,0.5682756206306618,0.5499166046660213,5131.474103585657,5142.857142857143,5092.0,5122.110415480934,39.47410358565685,42.231408422692766,22,0,0,0,12.429220196836384,,,,103.28000000000002,16.650728476821193,24.8353642384106,0.3738924355055504,0,0,2026-06-23,1007.62,61.0,5.664773918449305,-536.5699212646243,0.5499166046660213,2019,2026-06-23,current_2026_weather_with_2019_yield_baseline,5151.063,30.128862,38.49994,11.038786,129.51465,1189.2113,152.81467,186.51727,330.44904,-3.129665,-0.41192874,15.210436,7.8105006,7.895671,0.7071494,0.45686632,-19.97162,1.4181132,4.382698,0.015609595,19.089537,9.995061,9.383026,-6.2519927,-17.652826,5.492918,25.106794,0.030165749,-0.017593617,1.1989869,16.396744,18.247515,-1.9880342,10.54315,3.9886959,5.142136,-30.6928,31.979607,18.236979,51.06298828125,-1.295260195396016e-16,1.0,0.3738924355055505,20260629_170333,5151.063,0.3738924355055504,0.3738924355055505,0.0,0.0,0.0,stable,No significant change since last check.,4
Uttar Pradesh,Sambhal,Wheat,2019,Rabi,138781.0,572194.0,4122.999546047369,,,,,,,,,,,,,28.4271928,78.5564546,559.8100000000001,30.562679738562093,35.82169934640523,62.505294117647054,47.72,17.653576158940396,26.430397350993378,624.44,15.019953271028037,57,2,-0.373731620556463,0,0,3146.09,27.0,1.739858164605807,-407.6476409416723,1155.69,83.0,5.191861311586148,-612.7368404370384,0.5163246734784321,0.5306582071949463,4032.997754865649,3571.9987194536334,3492.996767738957,3699.33108068608,540.000987126692,177.28678373565526,22,0,0,2,11.840659635648157,,,,47.72,17.653576158940396,26.430397350993378,-0.373731620556463,0,0,2026-06-23,1155.69,83.0,5.191861311586148,-612.7368404370384,0.5306582071949463,2019,2026-06-23,current_2026_weather_with_2019_yield_baseline,4059.5261,-21.423664,26.976788,8.177686,120.73703,654.7443,47.618767,68.76441,97.90274,-14.423176,1.7444794,10.254565,9.976562,10.972054,1.3858851,8.833008,15.9397,6.356283,9.362089,0.93857807,17.236494,2.1846194,3.051143,-12.113881,-16.71062,10.055835,-5.6524844,0.049110293,-0.008229778,2.4645953,28.246754,7.2521954,0.53982085,10.020381,-4.7512403,5.365545,-8.72561,-0.12580502,6.0324607,-63.47342300049422,-9.25185853854297e-18,1.0,0.373731620556463,20260629_170333,4059.5261,-0.373731620556463,0.373731620556463,0.0,0.0,0.0,stable,No significant change since last check.,4
Punjab,Firozepur,Wheat,2019,Rabi,187000.0,957000.0,5117.647058823529,,,,,,,,,,,,,30.6839733,76.3594033,749.55,30.00980392156863,35.20209150326797,61.02751633986929,104.61,16.829735099337746,25.00026490066225,811.01,17.187383177570094,49,3,0.3701092212622108,0,0,3061.5,28.0,2.0069801348012777,-340.616418115815,1033.27,61.0,5.707344148659428,-572.4386109852184,0.6051186461060841,0.5925827929178201,5401.0695187165775,5224.598930481284,5211.956521739131,5279.208323645664,189.11299697744653,311.8268235536134,22,0,0,0,12.138869243416009,,,,104.61,16.829735099337746,25.00026490066225,0.3701092212622108,0,0,2026-06-23,1033.27,61.0,5.707344148659428,-572.4386109852184,0.5925827929178201,2019,2026-06-23,current_2026_weather_with_2019_yield_baseline,5190.683,28.972893,37.849205,11.660316,120.305695,1204.2523,149.8094,183.56334,330.21292,-0.42950812,9.703036,15.90058,8.599608,8.119629,0.8751394,-0.0969559,-33.686672,-1.3564428,1.8669972,0.99809676,18.990488,8.529521,7.184633,-3.6436,-18.303152,15.735821,25.636013,0.030165749,-0.01937707,0.9729956,15.622054,18.250603,-1.4305487,9.72573,5.2922783,5.388075,-11.279796,39.15779,27.44849,73.03604664522118,-2.9605947323337506e-16,1.0000000000000002,0.370109221262211,20260629_170333,5190.683,0.3701092212622108,0.370109221262211,0.0,0.0,0.0,stable,No significant change since last check.,4
Punjab,Fatehgarh Sahib,Wheat,2019,Rabi,85000.0,374000.0,4400.0,,,,,,,,,,,,,30.6634042,76.3803,749.55,30.00980392156863,35.20209150326797,61.02751633986929,104.61,16.829735099337746,25.00026490066225,811.01,17.187383177570094,49,3,0.3701092212622108,0,0,3061.5,28.0,2.0069801348012777,-340.616418115815,1033.27,61.0,5.707344148659428,-572.4386109852184,0.575398335338024,0.5615750807765613,5176.470588235295,5341.176470588235,5190.476190476191,5236.041083099907,-14.005602240896224,87.22789307233052,22,0,0,0,11.350418300109132,,,,104.61,16.829735099337746,25.00026490066225,0.3701092212622108,0,0,2026-06-23,1033.27,61.0,5.707344148659428,-572.4386109852184,0.5615750807765613,2019,2026-06-23,current_2026_weather_with_2019_yield_baseline,5161.296,29.114105,38.3422,11.396533,134.25398,1191.5255,140.28142,185.21037,331.2598,-5.354803,3.500717,4.912552,7.796506,7.8485947,0.76350105,0.33044317,-32.095787,-0.552664,2.74623,0.60667616,18.907795,9.44314,9.309189,-2.0918787,-18.040112,16.755106,26.142899,0.029962335,-0.021568982,0.9101915,15.777677,23.741713,-1.138367,9.790347,4.0329404,3.3989837,-12.169822,32.754925,21.599955,761.2958984375,-2.9605947323337506e-16,1.0000000000000002,0.370109221262211,20260629_170333,5161.296,0.3701092212622108,0.370109221262211,0.0,0.0,0.0,stable,No significant change since last check.,4
Uttar Pradesh,Kannauj,Wheat,2019,Rabi,78249.0,348180.0,4449.641528965226,,,,,,,,,,,,,26.9986675,79.6927946,823.75,29.791307189542483,34.170196078431374,71.03078431372549,60.4,18.35622516556292,26.94854304635762,858.01,14.973177570093458,43,3,0.3496048958161604,0,0,3028.07,29.0,1.7152488298055582,-31.060686861746035,1261.79,83.0,7.402752303479206,-690.2869810872498,0.4142606778946004,0.563512236615969,4599.712908848559,4532.9997617345725,4118.860778294881,4417.1911496260045,480.85213055367785,744.0019377185654,22,0,0,2,11.2676641084024,,,,60.4,18.35622516556292,26.94854304635762,0.3496048958161604,0,0,2026-06-23,1261.79,83.0,7.402752303479206,-690.2869810872498,0.563512236615969,2019,2026-06-23,current_2026_weather_with_2019_yield_baseline,4687.373,-17.43068,41.42491,9.154052,111.08323,1035.3567,129.4272,102.67514,261.05933,-2.2343488,-34.478405,2.7679245,1.8671119,3.2583532,0.93295366,-5.0084186,34.94516,-0.6622043,8.178889,-0.008758786,-3.472618,0.19153962,15.988661,-0.9797168,-41.384056,5.9513955,20.999657,0.035607003,-0.0065590986,0.39285368,16.485065,16.624237,-0.587893,-2.7703662,4.9065866,4.9235654,18.050653,-12.854401,12.297358,237.73151790977408,1.3415194880887307e-16,1.0,0.3496048958161603,20260629_170333,4687.373,0.3496048958161604,0.3496048958161603,0.0,0.0,0.0,stable,No significant change since last check.,4
Uttar Pradesh,Gautam Buddha Nagar,Wheat,2019,Rabi,44802.0,189199.0,4223.003437346547,,,,,,,,,,,,,28.368716,77.5970121,459.07,31.267908496732023,36.851895424836606,57.02496732026144,48.11999999999999,17.749006622516557,26.60264900662252,511.76,15.148644859813084,77,4,-0.3440424414164475,0,0,3253.99,27.0,1.887417623119925,-556.231057096903,1170.1,83.0,5.381702402710974,-648.5595099341373,0.5024806286381448,0.4819758759695944,4137.994828815978,3902.01072060928,4081.0093262837822,4040.338291903013,56.98550253219537,282.283857685984,22,0,0,2,10.710030380446783,,,,48.11999999999999,17.749006622516557,26.60264900662252,-0.3440424414164475,0,0,2026-06-23,1170.1,83.0,5.381702402710974,-648.5595099341373,0.4819758759695944,2019,2026-06-23,current_2026_weather_with_2019_yield_baseline,4255.2524,-27.62027,32.947193,9.491908,110.7857,707.926,81.72012,115.11662,214.15146,-16.93772,-4.406995,-8.846789,5.0964837,7.136699,1.7569221,-0.71804523,15.983827,2.279057,-1.9628645,-3.7006733,17.45763,1.6806252,2.7127461,-6.201183,-20.470657,9.074029,-2.6409774,0.05258735,-0.020994417,1.8521757,28.01972,16.746,-0.07639514,12.107687,-2.658728,5.6935525,8.58073,0.64328736,-7.767816,32.24900405970311,1.4802973661668753e-16,0.9999999999999999,0.34404244141644774,20260629_170333,4255.2524,-0.3440424414164475,0.3440424414164477,0.0,0.0,5.551115123125783e-17,stable,No significant change since last check.,4
Haryana,Faridabad,Wheat,2019,Rabi,30700.0,128800.0,4195.439739413681,,,,,,,,,,,,,28.3584336,77.3268462,459.07,31.267908496732023,36.851895424836606,57.02496732026144,48.11999999999999,17.749006622516557,26.60264900662252,511.76,15.148644859813084,77,4,-0.3440424414164475,0,0,3253.99,27.0,1.887417623119925,-556.231057096903,1170.1,83.0,5.381702402710974,-648.5595099341373,0.3104965796794346,0.2626956669375485,5135.135135135135,4453.333333333333,4700.0,4762.822822822823,435.135135135135,310.0611811143308,22,0,0,1,10.332050506334692,,,,48.11999999999999,17.749006622516557,26.60264900662252,-0.3440424414164475,0,0,2026-06-23,1170.1,83.0,5.381702402710974,-648.5595099341373,0.2626956669375485,2019,2026-06-23,current_2026_weather_with_2019_yield_baseline,4881.093,8.511053,35.549763,9.126102,122.895164,1171.4989,134.63985,144.36322,293.1677,0.9371417,8.338134,-49.558697,3.3975441,5.4750323,0.66420585,3.0678754,76.32139,3.7747092,-7.1190915,-3.6953812,15.001241,-0.22300994,11.566193,-2.349533,-22.647549,0.8004581,-13.218348,0.044786055,-0.019118182,0.7109348,11.400312,26.359966,0.76371443,12.810654,7.9435787,2.4629977,12.863389,-61.85854,-32.945026,685.6530340238187,1.4802973661668753e-16,0.9999999999999999,0.34404244141644774,20260629_170333,4881.093,-0.3440424414164475,0.3440424414164477,0.0,0.0,5.551115123125783e-17,stable,No significant change since last check.,4
Uttar Pradesh,Kanpur Dehat,Wheat,2019,Rabi,122451.0,520962.0,4254.452801528774,,,,,,,,,,,,,26.4585639,79.8548052,849.59,29.82653594771242,34.07287581699346,71.3248366013072,32.66,18.26344370860928,26.473046357615896,871.39,14.973177570093458,42,2,-0.3411366962279501,0,0,3033.46,29.0,1.538024675501056,4.230003321632466,1247.7799999999995,84.0,5.778208913822441,-707.948982682858,0.4498350781670066,0.5553353425318489,4430.614205044132,4282.003925693415,4587.821782178218,4433.479970971922,-157.20757713408602,574.9032339141386,22,0,0,2,11.715474395444152,,,,32.66,18.26344370860928,26.473046357615896,-0.3411366962279501,0,0,2026-06-23,1247.7799999999995,84.0,5.778208913822441,-707.948982682858,0.5553353425318489,2019,2026-06-23,current_2026_weather_with_2019_yield_baseline,4627.634,-15.992026,41.624332,9.430749,111.18626,951.9534,119.19663,132.01547,265.66705,-3.1587849,-27.453676,9.374317,1.4272991,5.0346475,0.9443303,-6.677581,44.388424,-5.5823126,6.196559,0.24213628,0.20600928,0.7802097,14.4766245,-7.210291,-35.55463,10.3024435,-6.563599,0.03665256,-0.0061005466,0.9043677,15.653522,21.20154,-0.4233297,-3.71609,2.6196845,2.0482807,16.446383,-9.499075,15.837726,373.1809875337258,3.6544841227244734e-16,0.9999999999999997,0.3411366962279506,20260629_170333,4627.634,-0.3411366962279501,0.3411366962279506,0.0,0.0,0.0,stable,No significant change since last check.,4
Uttar Pradesh,Kanpur Nagar,Wheat,2019,Rabi,102937.0,418465.0,4065.253504570757,,,,,,,,,,,,,26.4410107,80.2652803,849.59,29.82653594771242,34.07287581699346,71.3248366013072,32.66,18.26344370860928,26.473046357615896,871.39,14.519579439252336,42,2,-0.3411366962279501,0,0,3033.46,29.0,1.538024675501056,23.542801264086165,1247.7799999999995,84.0,5.778208913822441,-668.7948402368228,0.3707466900895051,0.3307083229741361,4166.454622561493,3854.14957518836,4064.796719929494,4028.466972559782,101.65790263199916,310.7436514314996,22,0,0,2,11.541882144224532,,,,32.66,18.26344370860928,26.473046357615896,-0.3411366962279501,0,0,2026-06-23,1247.7799999999995,84.0,5.778208913822441,-668.7948402368228,0.3307083229741361,2019,2026-06-23,current_2026_weather_with_2019_yield_baseline,4249.5615,-23.56007,35.12525,8.798281,121.66427,700.0732,70.31654,113.24287,204.75047,-15.201875,-5.8821774,8.483092,5.688549,6.7213607,1.318599,-1.6979077,21.508717,-2.6656623,10.4431305,3.5827024,-1.3074677,1.1197562,12.008444,-4.724657,-19.98838,7.6555657,-2.8586786,0.03665256,-0.02134531,1.8876913,23.40907,29.179602,-1.924326,-0.61477226,1.7607385,7.0302844,9.478541,-3.9818954,-21.5663,184.3080188667432,3.6544841227244734e-16,0.9999999999999997,0.3411366962279506,20260629_170333,4249.5615,-0.3411366962279501,0.3411366962279506,0.0,0.0,0.0,stable,No significant change since last check.,4
Uttar Pradesh,Mathura,Wheat,2019,Rabi,195767.0,557349.0,2847.0017929477385,,,,,,,,,,,,,27.633333,77.583333,528.96,31.24803921568628,36.45169934640523,59.424052287581695,53.21,18.36483443708609,26.98748344370861,555.57,15.035327102803738,72,2,0.3368114294006185,0,0,3250.95,27.0,2.059359563295301,-443.158690610225,1263.09,83.0,6.273950609200973,-675.2264719908342,0.459291768761365,0.5490748699240793,4173.99777146195,3515.0009230569653,4104.0018529479885,3931.000182488968,69.99591851396144,318.2868003319564,22,0,0,2,12.184685563648523,,,,53.21,18.36483443708609,26.98748344370861,0.3368114294006185,0,0,2026-06-23,1263.09,83.0,6.273950609200973,-675.2264719908342,0.5490748699240793,2019,2026-06-23,current_2026_weather_with_2019_yield_baseline,4272.3335,-24.617178,35.55277,8.231033,122.09983,701.26105,52.374462,126.93878,189.85255,-16.256329,-3.5039124,15.397278,5.4765925,7.0932274,1.098513,8.022408,14.623348,7.938609,-2.0196183,-3.6086307,-1.8094397,2.3963661,2.7930038,-8.0063505,-22.588991,10.910894,10.236248,0.051681343,-0.02226371,0.7610697,28.16874,-2.092951,2.6022768,-0.9580281,2.2801936,22.54418,10.088847,2.777963,15.972874,1425.3317031460117,2.0093880263398015e-16,1.0,0.33681142940061826,20260629_170333,4272.3335,0.3368114294006185,0.3368114294006182,0.0,0.0,5.551115123125783e-17,stable,No significant change since last check.,4
Punjab,Barnala,Wheat,2019,Rabi,114000.0,599000.0,5254.3859649122805,,,,,,,,,,,,,30.3716802,75.5039887,614.04,30.627254901960782,36.23248366013072,57.56588235294117,84.66,16.872649006622513,25.45112582781457,665.85,16.714158878504673,69,5,0.3343688837047137,0,0,3155.9700000000003,28.0,2.1329438709414617,-505.8210240261891,1041.63,61.0,5.910016456531747,-576.6776206216938,0.5299399083283939,0.4948104564093079,5573.913043478261,5342.105263157895,5491.228070175438,5469.082125603864,82.68497330282298,484.6703483152969,22,0,0,0,11.643962499267984,,,,84.66,16.872649006622513,25.45112582781457,0.3343688837047137,0,0,2026-06-23,1041.63,61.0,5.910016456531747,-576.6776206216938,0.4948104564093079,2019,2026-06-23,current_2026_weather_with_2019_yield_baseline,5207.0747,29.257793,40.64132,10.531578,141.96437,1216.7147,144.51468,190.09494,339.45847,-3.363882,3.8563201,10.447903,7.8995075,7.9355426,0.8394521,1.0858052,29.548098,2.303184,3.8420203,-0.11004232,17.897919,8.836416,5.402738,-2.8812287,-19.321852,-9.524633,28.357561,0.029729899,-0.015510529,1.2422993,12.8225765,20.227425,0.9415255,11.9468565,5.2710004,6.7089787,-11.580027,20.260973,-17.283945,-47.31125788103054,1.0639637319324417e-16,0.9999999999999999,0.3343688837047136,20260629_170333,5207.0747,0.3343688837047137,0.3343688837047136,0.0,0.0,0.0,stable,No significant change since last check.,4
Uttar Pradesh,Siddharth Nagar,Wheat,2019,Rabi,157091.0,636847.0,4054.000547453387,,,,,,,,,,,,,27.2752892,83.0675485,1310.85,28.74124183006536,32.606797385620915,75.61568627450981,37.24,19.27814569536424,26.8725165562914,1343.56,15.862803738317757,37,0,-0.3324817138951749,0,0,2867.41,20.0,1.7804999409668163,519.3976603324572,1401.0,88.0,7.390807945869387,-635.6712141050025,0.4870332172690267,0.4618027759071784,4375.0,3979.00250857782,3957.0021741910728,4103.668227589631,417.9978258089273,519.2890288700064,22,0,0,2,11.9645868999681,,,,37.24,19.27814569536424,26.8725165562914,-0.3324817138951749,0,0,2026-06-23,1401.0,88.0,7.390807945869387,-635.6712141050025,0.4618027759071784,2019,2026-06-23,current_2026_weather_with_2019_yield_baseline,4297.219,-17.580044,31.397833,8.161253,99.26076,850.2762,101.74448,98.64243,197.59679,-1.6916575,-18.827768,9.550125,4.401507,5.093113,0.82350606,-15.852176,42.324554,-22.286467,9.847164,-0.68646675,-22.546164,-1.3935975,10.252887,-3.7686543,-26.395657,-0.7757326,-5.4305506,0.039303474,-0.01755089,-2.2403352,3.701645,20.199436,4.751724,-5.9098516,-2.909795,12.225408,-2.1355007,4.0238543,-16.92024,243.2186908278632,1.503427012513233e-16,0.9999999999999998,0.3324817138951751,20260629_170333,4297.219,-0.3324817138951749,0.3324817138951751,0.0,0.0,0.0,stable,No significant change since last check.,4
Uttar Pradesh,Moradabad,Wheat,2019,Rabi,125107.0,471153.0,3766.0003037399993,,,,,,,,,,,,,28.8796553,78.8095335,591.17,30.35830065359477,35.61418300653595,61.990522875816986,59.33999999999999,17.801324503311257,26.13841059602649,663.13,15.019953271028037,61,1,-0.3285204022526198,0,0,3114.82,28.0,1.63825431893281,-369.9301359850957,1178.0,83.0,5.422354753404755,-582.6279553509645,0.5874358263495993,0.4827031720987993,4000.998116597377,3701.000559924045,3513.0037754252608,3738.334150648894,487.994341172116,145.2871454673832,22,0,0,2,11.73693264325129,,,,59.33999999999999,17.801324503311257,26.13841059602649,-0.3285204022526198,0,0,2026-06-23,1178.0,83.0,5.422354753404755,-582.6279553509645,0.4827031720987993,2019,2026-06-23,current_2026_weather_with_2019_yield_baseline,4069.5017,-21.798615,25.16116,7.829111,123.331566,616.07635,58.701153,75.431404,130.06342,-16.326618,4.610209,9.007912,10.857624,10.717189,1.4647291,5.3496275,13.0602665,3.612485,12.2273245,0.45633656,16.01936,3.2810178,2.50582,-8.783806,-14.564481,11.116333,-2.0964053,0.036287177,-0.018813737,2.6769738,26.455559,14.354216,-2.0899837,9.312061,-2.1024313,7.017209,-11.956697,6.681345,-8.45242,303.50140524437575,2.868076146948321e-16,0.9999999999999998,0.32852040225262014,20260629_170333,4069.5017,-0.3285204022526198,0.3285204022526201,0.0,0.0,5.551115123125783e-17,stable,No significant change since last check.,4
Uttar Pradesh,Hathras,Wheat,2019,Rabi,82795.0,330683.0,3993.997222054472,,,,,,,,,,,,,27.5724324,78.1116209,510.8,31.086013071895422,36.233856209150325,60.68124183006535,53.650000000000006,18.22708609271524,26.54887417218543,535.89,14.971822429906542,67,2,0.3257958518948567,0,0,3226.16,27.0,1.881246867123069,-443.7458700592349,1242.2899999999995,83.0,5.885128636337893,-638.2566719175256,0.4686101361396323,0.5252415170496597,4144.00335235466,3777.996926539453,4065.996236777869,3995.998838557327,78.00711557679097,288.2923812246663,22,0,0,2,11.324135030027682,,,,53.650000000000006,18.22708609271524,26.54887417218543,0.3257958518948567,0,0,2026-06-23,1242.2899999999995,83.0,5.885128636337893,-638.2566719175256,0.5252415170496597,2019,2026-06-23,current_2026_weather_with_2019_yield_baseline,4285.6826,-26.724068,35.95297,9.162837,123.21714,694.2255,66.49728,119.59107,204.59972,-16.2771,-3.299327,5.6651416,5.828392,7.208276,1.2525095,8.285613,15.512019,6.4963937,5.0412903,-0.7170442,-1.1011034,1.1278445,3.9339418,-6.9005265,-20.104986,12.374141,11.034483,0.051477928,-0.019623496,1.5315099,29.681206,14.510258,1.2330872,-0.71340775,2.8679762,14.964927,2.2567616,-1.0300305,8.193024,291.6853951330281,4.2095956350370517e-16,1.0,0.32579585189485627,20260629_170333,4285.6826,0.3257958518948567,0.3257958518948562,0.0,0.0,5.551115123125783e-17,stable,No significant change since last check.,4
Uttar Pradesh,Amroha,Wheat,2019,Rabi,89939.0,348334.0,3873.002813017712,,,,,,,,,,,,,28.7952632,78.3436244,477.7,30.90823529411765,36.46111111111112,58.59620915032679,58.86000000000001,17.41701986754967,26.16960264900662,528.62,15.019953271028037,72,2,-0.3013514214830469,0,0,3198.96,16.0,1.738437222915972,-517.7432442355523,1119.9700000000005,83.0,5.457965095836801,-595.1850475638682,0.6628039599347761,0.5307981123789165,3807.005440130292,3706.000577405672,3511.0027614773903,3674.669593004452,296.0026786529015,-48.70553099970175,22,0,0,2,11.406898060324698,,,,58.86000000000001,17.41701986754967,26.16960264900662,-0.3013514214830469,0,0,2026-06-23,1119.9700000000005,83.0,5.457965095836801,-595.1850475638682,0.5307981123789165,2019,2026-06-23,current_2026_weather_with_2019_yield_baseline,3686.1272,-44.44454,24.855816,7.5034637,88.87789,360.51526,74.49579,79.90959,103.9075,-2.4529486,12.418255,3.9779873,15.278817,26.73617,1.5341986,4.4390574,20.952127,5.7542105,3.4588747,-5.6874046,20.89997,6.241406,1.3332638,-15.513618,-8.410033,14.821126,-0.12554158,0.0411426,-0.011242935,0.7312011,-90.40659,5.7804775,0.29580086,12.596458,3.3521848,8.71165,-14.485084,6.894101,1.0727454,-186.875615752087,-1.8503717077085943e-16,1.0,0.3013514214830467,20260629_170333,3686.1272,-0.3013514214830469,0.3013514214830467,0.0,0.0,0.0,stable,No significant change since last check.,4
Uttar Pradesh,Hapur,Wheat,2019,Rabi,42066.0,188624.0,4484.001331241383,,,,,,,,,,,,,28.7166767,77.890433,465.88,31.06901960784314,36.55065359477124,58.73196078431372,49.31999999999999,17.637483443708607,26.49251655629139,511.56,15.148644859813084,72,2,-0.2959141077886936,0,0,3223.5600000000004,27.0,1.820105724769406,-540.0373268656025,1153.2600000000002,83.0,5.281599518446897,-644.7034546175701,0.5748881292002099,0.4997032281470882,4217.005738132499,4153.995781579564,4422.999597909128,4264.667039207064,-205.9938597766295,361.29476700250507,22,0,0,2,10.647018864320016,,,,49.31999999999999,17.637483443708607,26.49251655629139,-0.2959141077886936,0,0,2026-06-23,1153.2600000000002,83.0,5.281599518446897,-644.7034546175701,0.4997032281470882,2019,2026-06-23,current_2026_weather_with_2019_yield_baseline,4423.185,-18.849474,37.29268,10.138961,104.53187,736.4722,120.050804,142.51422,241.89967,0.94788325,-2.3168583,-17.781792,4.1636014,5.8825746,1.7066878,0.9119961,21.162159,3.6147814,1.7505492,-3.374001,18.488918,2.266173,6.486438,-5.1282663,-19.791584,11.693114,-1.3257025,0.04482307,-0.020801712,2.268498,23.433693,15.537462,-0.71655864,12.762981,-1.8684121,5.1398525,8.612977,3.8326464,0.47922802,-60.81627264763301,5.551115123125783e-17,1.0,0.29591410778869365,20260629_170333,4423.185,-0.2959141077886936,0.2959141077886936,0.0,0.0,5.551115123125783e-17,stable,No significant change since last check.,4
Uttar Pradesh,Bulandshahr,Wheat,2019,Rabi,192762.0,843719.0,4376.998578558015,,,,,,,,,,,,,28.3874073,77.9743805,465.88,31.06901960784314,36.55065359477124,58.73196078431372,49.31999999999999,17.637483443708607,26.49251655629139,511.56,15.148644859813084,72,2,-0.2959141077886936,0,0,3223.5600000000004,27.0,1.820105724769406,-540.0373268656025,1153.2600000000002,83.0,5.281599518446897,-644.7034546175701,0.5822075136459239,0.53207792914995,4528.000755970676,4541.000992633614,4271.0012950649325,4446.667681223074,256.99946090574394,672.2897848406828,22,0,0,2,12.169216734028057,,,,49.31999999999999,17.637483443708607,26.49251655629139,-0.2959141077886936,0,0,2026-06-23,1153.2600000000002,83.0,5.281599518446897,-644.7034546175701,0.53207792914995,2019,2026-06-23,current_2026_weather_with_2019_yield_baseline,4687.0815,-18.761974,39.230206,10.430686,119.55628,984.942,134.40103,105.242325,279.09412,-3.8941891,-30.767351,13.245277,2.3278875,4.131129,0.897225,2.164155,46.6933,5.8270097,0.79723716,-2.9976096,16.28608,0.46748585,4.9458523,-4.3828425,-44.939667,8.127975,-6.68667,0.041346017,-0.0043351445,1.0404097,19.095604,10.126554,-0.6434018,13.402843,-0.76767707,2.2017717,11.142674,7.382886,7.410671,310.08296441073526,5.551115123125783e-17,1.0,0.29591410778869365,20260629_170333,4687.0815,-0.2959141077886936,0.2959141077886936,0.0,0.0,5.551115123125783e-17,stable,No significant change since last check.,4
Uttar Pradesh,Lalitpur,Wheat,2019,Rabi,171271.0,548410.0,3202.0015063846186,,,,,,,,,,,,,24.6999688,78.51862,1224.31,28.20117647058824,32.36908496732026,74.49692810457516,33.87,18.84079470198675,27.187748344370863,1245.82,15.442429906542054,31,1,-0.2846294728309344,0,0,2784.78,25.0,1.435454836386712,441.59067059491474,1334.9600000000005,87.0,4.920505946242929,-799.0130429432545,0.428539312493754,0.5979629529564934,3410.9978378320943,2779.999868989054,3065.0323995497306,3085.343368790293,345.9654382823637,-444.7131332978993,22,0,0,2,12.051008215026558,,,,33.87,18.84079470198675,27.187748344370863,-0.2846294728309344,0,0,2026-06-23,1334.9600000000005,87.0,4.920505946242929,-799.0130429432545,0.5979629529564934,2019,2026-06-23,current_2026_weather_with_2019_yield_baseline,3702.618,-17.823742,42.090126,13.253351,153.27116,369.1856,-39.59423,8.965853,44.263145,-0.99341935,-0.63984704,14.201119,17.165047,33.307163,1.4102159,-9.73954,35.66747,-6.9010143,0.49206892,8.108942,-5.071962,2.8899846,-0.9872232,-8.034335,-8.783997,6.7010803,-1.8001626,0.0461886,-0.00013845041,0.20519416,32.127537,14.845195,5.9395456,4.6138873,8.182332,5.1269293,13.155111,3.3332317,14.161919,500.6164135372565,3.23815048849004e-17,1.0,0.2846294728309345,20260629_170333,3702.618,-0.2846294728309344,0.2846294728309345,0.0,0.0,0.0,stable,No significant change since last check.,4
Uttar Pradesh,Meerut,Wheat,2019,Rabi,74650.0,340180.0,4556.999330207636,,,,,,,,,,,,,29.0018557,77.7679671,477.22,30.907647058823528,36.45032679738562,57.944052287581705,58.790000000000006,17.22483443708609,25.890132450331127,533.54,15.74429906542056,70,4,-0.2805570734146585,0,0,3198.87,27.0,1.815653265113926,-556.775686198439,1091.05,83.0,5.630557183295119,-604.6568155388468,0.5547061564020159,0.4559187768975042,4663.998001623681,4364.99894168695,4362.993626388068,4463.996856566234,301.0043752356132,808.2870304936878,22,0,0,2,11.2205791987249,,,,58.790000000000006,17.22483443708609,25.890132450331127,-0.2805570734146585,0,0,2026-06-23,1091.05,83.0,5.630557183295119,-604.6568155388468,0.4559187768975042,2019,2026-06-23,current_2026_weather_with_2019_yield_baseline,4712.9272,-21.040562,32.605103,8.705398,120.28867,1074.9451,123.967766,105.78653,274.2988,-0.08823021,-45.938725,1.2342461,3.379443,2.1519585,0.614259,2.8383763,38.069813,4.08424,2.6116648,-2.7915628,18.344896,6.072737,7.4241424,-3.5276406,-32.562447,5.732502,-2.0426388,0.04890688,-0.014678942,1.4775769,16.24308,14.719878,0.4128279,14.43259,6.5986056,7.892349,-12.453928,7.676065,-19.54012,155.92791588611362,2.821816854255606e-16,1.0000000000000002,0.28055707341465874,20260629_170333,4712.9272,-0.2805570734146585,0.2805570734146587,0.0,0.0,5.551115123125783e-17,stable,No significant change since last check.,4
Uttar Pradesh,Baghpat,Wheat,2019,Rabi,55446.0,250782.0,4522.995346823936,,,,,,,,,,,,,29.0374779,77.3062737,477.22,30.907647058823528,36.45032679738562,57.944052287581705,58.790000000000006,17.22483443708609,25.890132450331127,533.54,15.74429906542056,70,4,-0.2805570734146585,0,0,3198.87,27.0,1.815653265113926,-556.775686198439,1091.05,83.0,5.630557183295119,-604.6568155388468,0.6291893691345214,0.4876462860402387,4558.993880227306,4431.007123210382,4737.005329718287,4575.668777718659,-178.01144949098034,703.2829090973128,22,0,0,2,10.923182888519593,,,,58.790000000000006,17.22483443708609,25.890132450331127,-0.2805570734146585,0,0,2026-06-23,1091.05,83.0,5.630557183295119,-604.6568155388468,0.4876462860402387,2019,2026-06-23,current_2026_weather_with_2019_yield_baseline,4714.607,-16.447342,37.890232,9.953354,128.38853,999.59247,136.75362,149.22615,275.85266,-0.80883443,-40.190437,-15.278184,4.399111,5.205379,0.86251736,4.3038163,42.878067,4.6292033,3.8529818,-2.2464864,16.149572,6.845367,4.382805,-4.966186,-36.76522,10.24775,-9.243416,0.04482307,-0.003067155,2.2674818,20.621233,14.8434105,0.80153835,13.595764,0.37023237,6.0850024,-12.044633,15.866701,-13.58391,191.6115867698136,2.821816854255606e-16,1.0000000000000002,0.28055707341465874,20260629_170333,4714.607,-0.2805570734146585,0.2805570734146587,0.0,0.0,5.551115123125783e-17,stable,No significant change since last check.,4
Uttar Pradesh,Ghaziabad,Wheat,2019,Rabi,29429.0,120894.0,4107.988718610895,,,,,,,,,,,,,28.7749966,77.4586967,477.22,30.907647058823528,36.45032679738562,57.944052287581705,58.790000000000006,17.22483443708609,25.890132450331127,533.54,15.148644859813084,70,4,-0.2805570734146585,0,0,3198.87,27.0,1.815653265113926,-525.7721123750948,1091.05,83.0,5.630557183295119,-620.0855414845474,0.5556505724592188,0.4284096955683372,4253.014987800628,4032.0054845926247,4163.982326111744,4149.667599501666,89.03266168888331,397.30401667063416,22,0,0,2,10.289769841227518,,,,58.790000000000006,17.22483443708609,25.890132450331127,-0.2805570734146585,0,0,2026-06-23,1091.05,83.0,5.630557183295119,-620.0855414845474,0.4284096955683372,2019,2026-06-23,current_2026_weather_with_2019_yield_baseline,4299.5337,-17.386353,31.943459,8.406895,99.60986,777.5618,110.14121,104.832596,204.46205,-16.347141,-4.245405,-44.25725,3.1919336,5.2144246,0.96400905,2.0427768,14.926495,5.467863,7.7573433,-1.8410941,16.98237,3.941265,2.8957303,-2.3833306,-20.822441,5.5886607,-1.6156163,0.04482307,-0.0013490571,2.751477,23.788858,21.857098,-0.6460253,11.175994,-2.4554095,12.754727,-1.0214508,3.232136,-19.250723,191.54497279535465,2.821816854255606e-16,1.0000000000000002,0.28055707341465874,20260629_170333,4299.5337,-0.2805570734146585,0.2805570734146587,0.0,0.0,5.551115123125783e-17,stable,No significant change since last check.,4
Uttar Pradesh,Basti,Wheat,2019,Rabi,120160.0,369252.0,3073.0026631158457,,,,,,,,,,,,,26.8387083,82.5350919,1232.36,29.453660130718955,33.393921568627455,75.09385620915033,39.33,18.543509933774832,27.121523178807948,1261.27,14.317897196261685,36,2,-0.2615967164243202,0,0,2976.41,28.0,2.095568860352347,450.0908807330934,1290.07,87.0,7.462927373364159,-622.2030127357456,0.5509493209652613,0.5093711237560142,3760.998024707891,3944.004146602461,3178.9993719907893,3628.0005144337138,581.9986527171018,-94.7129464221025,22,0,0,2,11.696587789200349,,,,39.33,18.543509933774832,27.121523178807948,-0.2615967164243202,0,0,2026-06-23,1290.07,87.0,7.462927373364159,-622.2030127357456,0.5093711237560142,2019,2026-06-23,current_2026_weather_with_2019_yield_baseline,3820.8892,-25.023825,29.709408,10.0463295,95.32188,431.2188,102.63384,12.69406,110.520424,2.7559829,2.2023506,5.981537,16.418608,25.928143,1.7522651,-7.8956795,35.541656,-10.810442,7.452112,4.7102118,-6.3406334,1.6950154,4.6039844,-13.015949,-12.057903,8.163147,0.15836245,0.03899151,0.013129795,1.0199685,32.20644,-5.303046,5.739509,0.5847197,-7.422983,8.894148,-11.047739,5.1179757,6.4095154,747.8864970404043,3.2381504884900397e-16,1.0,0.26159671642432053,20260629_170333,3820.8892,-0.2615967164243202,0.2615967164243205,0.0,0.0,5.551115123125783e-17,stable,No significant change since last check.,4
Punjab,Patiala,Wheat,2019,Rabi,234000.0,1116000.0,4769.2307692307695,,,,,,,,,,,,,30.2092778,76.3397231,619.03,30.432810457516343,35.86183006535948,58.7583660130719,84.07,17.018476821192053,25.75768211920529,671.69,17.187383177570094,59,5,0.2564374847257031,0,0,3126.2200000000003,15.0,2.0016835867061262,-496.48050357707007,1062.5,61.0,5.566792937813324,-624.6840705754441,0.5857253331142185,0.60629133798923,5472.1030042918455,5271.55172413793,5164.502164502164,5302.718964310647,307.60083978968123,382.8603091288815,22,0,0,0,12.36308066783498,,,,84.07,17.018476821192053,25.75768211920529,0.2564374847257031,0,0,2026-06-23,1062.5,61.0,5.566792937813324,-624.6840705754441,0.60629133798923,2019,2026-06-23,current_2026_weather_with_2019_yield_baseline,5042.1104,31.464201,38.82892,11.081451,118.95437,1198.0255,140.33841,184.28136,311.02402,1.1737124,9.850224,18.338255,4.6121387,7.580529,0.6957483,1.2736471,16.748928,2.179549,2.311988,-1.2073892,18.154032,9.34631,3.7371867,-2.2360058,-16.51006,-7.388551,23.392944,0.026485281,-0.018693004,1.043012,-120.60868,10.153865,-0.05422451,12.186619,4.661857,6.100606,-1.158867,26.729155,26.72267,272.8795823317305,1.780982768669522e-16,1.0,0.25643748472570294,20260629_170333,5042.1104,0.2564374847257031,0.2564374847257029,0.0,0.0,5.551115123125783e-17,stable,No significant change since last check.,4
Haryana,Kaithal,Wheat,2019,Rabi,182200.0,839000.0,4604.829857299671,,,,,,,,,,,,,29.8536764,76.4684323,619.03,30.432810457516343,35.86183006535948,58.7583660130719,84.07,17.018476821192053,25.75768211920529,671.69,16.109158878504672,59,5,0.2564374847257031,0,0,3126.2200000000003,15.0,2.0016835867061262,-425.3431359311599,1062.5,61.0,5.566792937813324,-581.1166188180061,0.5382817502792555,0.5676043974372291,4916.279069767442,4832.373271889402,4976.878612716763,4908.510318124536,-60.5995429493214,91.2051157466376,22,0,0,1,12.112865752267137,,,,84.07,17.018476821192053,25.75768211920529,0.2564374847257031,0,0,2026-06-23,1062.5,61.0,5.566792937813324,-581.1166188180061,0.5676043974372291,2019,2026-06-23,current_2026_weather_with_2019_yield_baseline,4959.8223,8.311589,38.340942,9.95912,122.12329,1150.6708,154.53706,191.93355,308.5691,-7.562136,7.525297,19.225828,2.6599257,5.9445395,0.60741824,1.6891495,20.16104,3.0134265,3.0450351,-1.2738036,18.702196,9.25699,11.721092,-10.913097,-16.763123,1.8091359,23.297894,0.03167503,-0.014428223,0.9789188,-121.07674,12.676532,-0.7909482,11.636481,4.7110996,6.5904217,-13.759569,15.027591,16.942308,354.99240832532905,1.780982768669522e-16,1.0,0.25643748472570294,20260629_170333,4959.8223,0.2564374847257031,0.2564374847257029,0.0,0.0,5.551115123125783e-17,stable,No significant change since last check.,4
Punjab,Mansa,Wheat,2019,Rabi,171000.0,922000.0,5391.812865497076,,,,,,,,,,,,,29.8764133,75.4889564,490.56,31.082287581699347,36.90130718954248,55.10575163398693,70.2,17.406622516556293,26.284966887417216,534.97,16.090560747663552,85,4,0.2466550063659665,0,0,3225.59,20.0,2.093914004859531,-613.344366313691,1121.52,61.0,5.39746400546892,-607.9582308629695,0.5331673848309203,0.5155988410173444,5450.292397660819,5174.418604651163,5122.80701754386,5249.17267328528,327.4853801169593,361.0497024978549,22,0,0,0,12.049424683420916,,,,70.2,17.406622516556293,26.284966887417216,0.2466550063659665,0,0,2026-06-23,1121.52,61.0,5.39746400546892,-607.9582308629695,0.5155988410173444,2019,2026-06-23,current_2026_weather_with_2019_yield_baseline,5242.1113,29.82715,37.128235,10.904209,122.93783,1225.7008,155.36734,183.20586,338.76443,2.3756275,9.096862,15.304228,5.663574,7.150225,0.859934,3.9507558,46.33586,6.424212,-0.42038882,-1.7308253,19.330917,0.1428143,5.9279485,-7.029648,-9.076502,5.737174,25.461432,0.048054762,-0.015043667,0.7845334,1.3998051,16.957949,-0.56915647,13.63,5.2474837,5.395249,-3.5807378,22.846676,-9.645537,-149.70153737207602,5.551115123125783e-17,1.0,0.24665500636596643,20260629_170333,5242.1113,0.2466550063659665,0.2466550063659664,0.0,0.0,2.7755575615628914e-17,stable,No significant change since last check.,4
Punjab,Sangrur,Wheat,2019,Rabi,291000.0,1678000.0,5766.323024054983,,,,,,,,,,,,,30.135717,75.8533326,490.56,31.082287581699347,36.90130718954248,55.10575163398693,70.2,17.406622516556293,26.284966887417216,534.97,16.714158878504673,85,4,0.2466550063659665,0,0,3225.59,20.0,2.093914004859531,-650.5269124666914,1121.52,61.0,5.39746400546892,-612.7223051804772,0.5778969064999208,0.5717075249546163,5800.0,5552.083333333333,5555.944055944055,5636.009129759129,244.05594405594456,710.7573048370359,22,0,0,0,12.581081982573842,,,,70.2,17.406622516556293,26.284966887417216,0.2466550063659665,0,0,2026-06-23,1121.52,61.0,5.39746400546892,-612.7223051804772,0.5717075249546163,2019,2026-06-23,current_2026_weather_with_2019_yield_baseline,5196.153,27.455618,38.629658,10.410534,128.41997,1216.8173,141.03545,179.79092,336.77472,-0.2547239,-38.01524,14.665869,5.050643,7.041903,0.7197679,3.3915246,35.401184,5.897779,-0.6975055,-1.3484597,19.735971,1.6496955,3.773023,-3.2169154,-7.6818576,7.8024592,24.804436,0.040290486,-0.015190598,0.82378507,3.1569161,14.083422,0.2286197,13.239958,6.2826943,4.488696,-2.5972228,28.00007,20.0907,-570.1701920237329,5.551115123125783e-17,1.0,0.24665500636596643,20260629_170333,5196.153,0.2466550063659665,0.2466550063659664,0.0,0.0,2.7755575615628914e-17,stable,No significant change since last check.,4
Punjab,Muktsar,Wheat,2019,Rabi,214000.0,1168000.0,5457.943925233644,,,,,,,,,,,,,30.4655896,74.5209526,317.26,32.601241830065355,38.929542483660136,47.57307189542484,46.44000000000001,18.09596026490066,26.7717880794702,353.27,17.04177570093458,119,1,-0.2364057287684819,0,0,3457.99,22.0,2.2070807611426884,-947.7023632132716,1225.3,61.0,4.800920704977011,-650.5239061107534,0.5099229914492762,0.4593173331178142,5570.093457943925,5251.184834123223,5131.455399061033,5317.577897042726,438.6380588828925,480.8507627809613,22,0,0,0,12.273735966890268,,,,46.44000000000001,18.09596026490066,26.7717880794702,-0.2364057287684819,0,0,2026-06-23,1225.3,61.0,4.800920704977011,-650.5239061107534,0.4593173331178142,2019,2026-06-23,current_2026_weather_with_2019_yield_baseline,5096.328,29.570848,31.935465,9.752595,122.055374,1214.4348,146.48999,171.8035,329.02155,-1.2127192,3.5965025,15.937585,5.701184,7.1400514,0.89959085,-2.029459,71.6076,-3.193935,-10.8294525,-1.932738,2.678407,0.9163369,-3.050052,0.7404609,-2.6998518,18.126024,-1.1778395,0.05004196,-0.03311073,-2.5487156,3.0406544,-5.2686906,1.4751726,3.1238205,1.5918182,-1.975788,13.6101675,15.396161,-38.688004,-361.6158002336442,1.4051260155412137e-16,1.0,0.23640572876848204,20260629_170333,5096.328,-0.2364057287684819,0.236405728768482,0.0,0.0,2.7755575615628914e-17,stable,No significant change since last check.,4
Punjab,Fazilka,Wheat,2019,Rabi,206000.0,1016000.0,4932.038834951456,,,,,,,,,,,,,30.3198406,74.1217943,317.26,32.601241830065355,38.929542483660136,47.57307189542484,46.44000000000001,18.09596026490066,26.7717880794702,353.27,17.04177570093458,119,1,-0.2364057287684819,0,0,3457.99,22.0,2.2070807611426884,-947.7023632132716,1225.3,61.0,4.800920704977011,-650.5239061107534,0.553720051583836,0.4971291282168479,5057.6923076923085,4795.238095238095,4942.028985507246,4931.653129479216,115.6633221850625,-31.55038747065555,22,0,0,0,12.235636302128867,,,,46.44000000000001,18.09596026490066,26.7717880794702,-0.2364057287684819,0,0,2026-06-23,1225.3,61.0,4.800920704977011,-650.5239061107534,0.4971291282168479,2019,2026-06-23,current_2026_weather_with_2019_yield_baseline,5080.467,31.497175,34.797714,10.434504,122.766266,1162.968,154.88069,175.18414,321.5251,-5.3693295,-0.24367428,17.89469,4.5577793,6.1776886,0.8600448,-2.808313,64.43395,-3.0787015,-10.491548,-2.352894,3.6256325,1.3473704,-4.849165,0.3512198,-2.9254637,20.446156,-1.6754467,0.053722423,-0.030648079,-2.6284478,4.324892,-0.19120522,1.1786715,2.8758028,2.3668332,-1.9404901,14.705073,22.636272,-13.112716,148.427961923544,1.4051260155412137e-16,1.0,0.23640572876848204,20260629_170333,5080.467,-0.2364057287684819,0.236405728768482,0.0,0.0,2.7755575615628914e-17,stable,No significant change since last check.,4
Uttar Pradesh,Barabanki,Wheat,2019,Rabi,166367.0,672289.0,4040.999717492051,,,,,,,,,,,,,26.9421406,81.3856087,1182.04,29.428169934640525,33.405359477124186,74.18130718954248,61.35,18.275496688741725,26.835231788079472,1211.89,14.389018691588785,37,1,0.2290108012504043,0,0,2972.51,29.0,2.0324274986626194,390.28780198433,1249.6,88.0,8.242197324492247,-634.9637635183163,0.5529173117801236,0.5144428466066339,3950.008314497404,4022.0023047770665,3635.000299454992,3869.0036395764873,315.00801504241235,94.29734336741058,22,0,0,2,12.021957481183442,,,,61.35,18.275496688741725,26.835231788079472,0.2290108012504043,0,0,2026-06-23,1249.6,88.0,8.242197324492247,-634.9637635183163,0.5144428466066339,2019,2026-06-23,current_2026_weather_with_2019_yield_baseline,3950.1536,-25.921442,32.84417,9.126289,96.938255,478.2032,95.98719,95.54877,167.30995,-3.4206285,-8.667257,16.667477,9.674652,11.785383,1.6213496,-11.043828,15.238572,-17.528679,7.354158,3.5914972,-1.5738415,1.7097067,7.7441754,-8.395144,-19.17698,8.392825,6.66242,0.03581042,-0.019598443,0.20313658,24.05402,1.7128168,1.3630121,-0.8673,-5.592826,0.83518463,-5.448106,4.796353,8.131096,-90.84615303892588,-1.8503717077085943e-16,0.9999999999999998,0.22901080125040454,20260629_170333,3950.1536,0.2290108012504043,0.2290108012504045,0.0,0.0,5.551115123125783e-17,stable,No significant change since last check.,4
Uttar Pradesh,Bijnor,Wheat,2019,Rabi,145884.0,510448.0,3498.9992048476875,,,,,,,,,,,,,29.4074203,78.4821406,659.73,28.62405228758169,33.62875816993464,62.95901960784313,78.86999999999999,17.252185430463577,24.79556291390729,728.63,16.438738317757007,45,0,-0.2284986551867175,0,0,2849.48,28.0,1.60861107364363,-295.4493934093464,1095.08,83.0,5.558905809072591,-568.195092311478,0.6333839048364287,0.4373424859217768,3751.000827575071,3619.998346823676,3457.000398613636,3609.333191004128,294.00042896143486,-104.71014355492252,22,0,0,2,11.890573919081618,,,,78.86999999999999,17.252185430463577,24.79556291390729,-0.2284986551867175,0,0,2026-06-23,1095.08,83.0,5.558905809072591,-568.195092311478,0.4373424859217768,2019,2026-06-23,current_2026_weather_with_2019_yield_baseline,3793.7285,-24.049452,25.513826,6.8961115,114.51128,365.62808,54.332077,66.623436,117.37082,-3.5016603,9.647133,7.053597,15.999687,29.660578,1.0775212,2.708715,11.282813,3.4930916,6.9933124,5.6539125,18.918364,1.7154856,-0.0025702938,-12.348979,-10.737242,-3.0960193,-0.912446,0.027966637,-0.010093247,0.43856928,26.841547,17.605116,-3.3958402,10.602079,-3.155979,3.3457139,-11.036707,1.7267187,-9.968206,294.7293107773125,-1.1102230246251565e-16,1.0,0.2284986551867174,20260629_170333,3793.7285,-0.2284986551867175,0.2284986551867174,0.0,0.0,0.0,stable,No significant change since last check.,4
Haryana,Mahendragarh,Wheat,2019,Rabi,36600.0,163800.0,4475.409836065574,,,,,,,,,,,,,28.1326971,76.1697448,450.03,30.680718954248363,36.31450980392157,57.51065359477124,50.86,18.62264900662252,27.62238410596026,479.57,15.464859813084113,77,2,0.2112918192785333,0,0,3164.15,13.0,1.9427460059280832,-573.0257867502801,1303.0800000000002,83.0,3.947523741953765,-664.265370391263,0.4837243250655014,0.5742735890302069,4740.406320541761,4266.802443991854,4720.0,4575.736254844538,20.40632054176058,-84.66763347904362,22,0,0,1,10.50783084142058,,,,50.86,18.62264900662252,27.62238410596026,0.2112918192785333,0,0,2026-06-23,1303.0800000000002,83.0,3.947523741953765,-664.265370391263,0.5742735890302069,2019,2026-06-23,current_2026_weather_with_2019_yield_baseline,4708.224,11.36659,38.61303,10.419786,112.8573,1078.1847,130.4377,164.77705,266.6395,-11.120533,13.7768,-67.770035,-1.8609172,1.9335989,0.57854736,2.7371435,50.629726,4.1983886,6.6316967,0.0066186264,-7.811722,-11.013896,14.219371,-6.9825644,-22.798973,17.56102,24.952978,0.05244199,-0.020002332,0.9312658,-120.491066,13.590802,0.7971745,-6.2237697,3.5754108,9.978659,17.141983,3.7650456,13.683478,232.8142850281756,1.0408340855860843e-17,1.0000000000000002,0.21129181927853324,20260629_170333,4708.224,0.2112918192785333,0.2112918192785332,0.0,0.0,5.551115123125783e-17,stable,No significant change since last check.,4
Haryana,Panchkula,Wheat,2019,Rabi,18800.0,78400.0,4170.212765957447,,,,,,,,,,,,,30.689535,76.9947922,856.43,28.681437908496733,33.66777777777778,63.906928104575165,119.66,16.80880794701987,24.42973509933775,916.59,17.187383177570094,44,0,0.20116323254544,0,0,2858.26,28.0,1.7190387079080778,-177.18884596559292,1028.93,61.0,5.235420752200175,-524.4484936701283,0.6514251656670187,0.5907938626637353,3944.444444444445,3738.888888888889,3833.3333333333335,3838.8888888888887,111.11111111111131,-880.6295095763594,22,0,0,1,9.841665338892785,,,,119.66,16.80880794701987,24.42973509933775,0.20116323254544,0,0,2026-06-23,1028.93,61.0,5.235420752200175,-524.4484936701283,0.5907938626637353,2019,2026-06-23,current_2026_weather_with_2019_yield_baseline,3903.1873,21.532898,33.04267,8.531734,115.91589,457.32568,74.87101,117.28146,170.07408,-7.580395,15.600939,-102.483536,8.39063,12.947286,1.205419,-4.5845404,-21.97583,-4.076081,2.8395815,-0.14929041,16.191446,3.3119276,2.6340375,-0.92815953,-16.364397,-4.078185,9.423188,0.028708316,-0.013049938,-0.37223965,19.012878,16.875956,-2.4450066,10.578635,2.1775947,5.9253263,-19.394888,-0.024448983,11.66392,-267.0255100980721,-1.2721305490496585e-16,0.9999999999999998,0.2011632325454402,20260629_170333,3903.1873,0.20116323254544,0.2011632325454402,0.0,0.0,0.0,stable,No significant change since last check.,4
Haryana,Ambala,Wheat,2019,Rabi,90900.0,380100.0,4181.518151815181,,,,,,,,,,,,,30.3435002,76.9493554,856.43,28.681437908496733,33.66777777777778,63.906928104575165,119.66,16.80880794701987,24.42973509933775,916.59,17.187383177570094,44,0,0.20116323254544,0,0,2858.26,28.0,1.7190387079080778,-177.18884596559292,1028.93,61.0,5.235420752200175,-524.4484936701283,0.5647154843535378,0.5601816567434149,4750.0,4651.376146788991,4505.747126436781,4635.707757741923,244.2528735632186,-75.0739540208042,22,0,0,1,11.417526281205168,,,,119.66,16.80880794701987,24.42973509933775,0.20116323254544,0,0,2026-06-23,1028.93,61.0,5.235420752200175,-524.4484936701283,0.5601816567434149,2019,2026-06-23,current_2026_weather_with_2019_yield_baseline,4828.69,10.291517,33.812435,9.761574,115.407394,1068.0975,145.69519,117.30844,290.12787,0.6261431,12.341202,5.8550906,7.001664,6.030824,0.68600225,-5.037365,-29.170336,-3.9597285,-1.1531234,-0.3114827,16.484678,5.545867,14.645559,-1.1534272,-20.47392,0.2420309,23.192238,0.02670769,-0.018085122,2.3662941,15.514378,23.95101,1.2105519,10.0899935,2.1691656,-1.4307771,-32.201595,17.028831,17.812265,647.1717895910688,-1.2721305490496585e-16,0.9999999999999998,0.2011632325454402,20260629_170333,4828.69,0.20116323254544,0.2011632325454402,0.0,0.0,0.0,stable,No significant change since last check.,4
Haryana,Bhiwani,Wheat,2019,Rabi,107400.0,449600.0,4186.2197392923645,,,,,,,,,,,,,28.7328101,75.8928296,405.93,31.712156862745097,37.22248366013072,51.18209150326797,49.82,18.845099337748344,27.165033112582783,437.7,17.166682242990653,99,1,0.198393896580855,0,0,3321.96,21.0,2.1566516349585867,-745.191766927361,1336.65,61.0,3.7079389468936,-718.9724938508438,0.3613439631123016,0.5178637924735316,4424.778761061947,4324.531516183986,4322.222222222222,4357.177499822718,102.55653883972536,-400.2951929588571,22,0,0,1,11.58432477200052,,,,49.82,18.845099337748344,27.165033112582783,0.198393896580855,0,0,2026-06-23,1336.65,61.0,3.7079389468936,-718.9724938508438,0.5178637924735316,2019,2026-06-23,current_2026_weather_with_2019_yield_baseline,4559.1562,13.797516,39.01053,8.673778,85.74302,950.79553,123.44793,114.07207,249.333,-9.279927,14.474119,6.61214,2.600137,4.1425724,0.7250259,-2.1330862,48.3554,-2.0600312,-22.679718,-2.0221534,-10.120328,0.13307314,-11.329546,4.783328,-5.4534435,9.285577,11.842658,0.050397966,-0.025316928,-1.3511015,10.729836,-8.420452,0.7578047,-5.037293,2.0706382,-4.1500154,18.490248,-24.754633,-2.2260816,372.93651070763553,6.866613759074862e-17,1.0,0.19839389658085493,20260629_170333,4559.1562,0.198393896580855,0.1983938965808549,0.0,0.0,2.7755575615628914e-17,stable,No significant change since last check.,4
Uttar Pradesh,Kasganj,Wheat,2019,Rabi,95297.0,373945.0,3923.9955087778208,,,,,,,,,,,,,27.7888527,78.8229701,545.01,30.65862745098039,35.77294117647059,62.82437908496731,45.46,17.805033112582784,26.380397350993377,592.56,14.971822429906542,54,3,-0.1899148991850186,0,0,3160.7699999999995,27.0,1.95558171100103,-395.6663215638457,1178.56,83.0,5.192633962449826,-639.8391682448805,0.5066601711508417,0.5181455126810997,4263.9949044062505,3974.001906173886,3713.0017352271902,3983.666181935776,550.9931691790603,408.2839332762569,22,0,0,2,11.46476410306321,,,,45.46,17.805033112582784,26.380397350993377,-0.1899148991850186,0,0,2026-06-23,1178.56,83.0,5.192633962449826,-639.8391682448805,0.5181455126810997,2019,2026-06-23,current_2026_weather_with_2019_yield_baseline,4402.9556,-19.891207,33.222008,8.59009,93.15978,782.19916,107.98358,99.02117,204.15266,10.226459,-3.961886,6.364149,5.7739997,6.022973,0.9976234,6.8985057,26.987362,6.300304,9.733843,0.48512632,14.572857,2.7210803,7.645086,-4.101381,-24.554699,4.76369,1.2472668,0.05089408,0.0061381916,1.903383,25.914768,13.741237,0.14989476,10.978823,-6.254362,4.9505744,7.9230933,1.1330476,5.623562,478.9600576284293,1.2027416100105862e-16,0.9999999999999999,0.18991489918501875,20260629_170333,4402.9556,-0.1899148991850186,0.1899148991850187,0.0,0.0,5.551115123125783e-17,stable,No significant change since last check.,4
Uttar Pradesh,Budaun,Wheat,2019,Rabi,250941.0,1023839.0,4079.998884199872,,,,,,,,,,,,,28.116667,78.983333,545.01,30.65862745098039,35.77294117647059,62.82437908496731,45.46,17.805033112582784,26.380397350993377,592.56,15.019953271028037,54,3,-0.1899148991850186,0,0,3160.7699999999995,27.0,1.95558171100103,-409.88936429880096,1178.56,83.0,5.192633962449826,-619.0026661339732,0.4837469101381281,0.5039786671244032,3891.000097191175,3691.9987975538297,3508.999619041096,3697.3328379287,382.0004781500788,35.28912606118138,22,0,0,2,12.432977115714609,,,,45.46,17.805033112582784,26.380397350993377,-0.1899148991850186,0,0,2026-06-23,1178.56,83.0,5.192633962449826,-619.0026661339732,0.5039786671244032,2019,2026-06-23,current_2026_weather_with_2019_yield_baseline,4011.1985,-32.460102,29.468697,7.9767094,133.44736,505.23178,65.780365,76.334496,124.315216,-7.2615514,-1.0469875,11.452627,13.991724,24.037548,1.5113432,8.681329,27.687738,5.074664,9.28249,1.4779024,16.320486,4.805987,4.1524396,-10.985831,-13.807025,7.990152,-0.25669274,0.05109749,-0.015786817,1.9467189,28.17732,5.5812893,0.15860136,10.297381,-1.420341,4.60549,-8.861391,3.8937273,3.3031857,-68.80039787174701,1.2027416100105862e-16,0.9999999999999999,0.18991489918501875,20260629_170333,4011.1985,-0.1899148991850186,0.1899148991850187,0.0,0.0,5.551115123125783e-17,stable,No significant change since last check.,4
Uttar Pradesh,Etah,Wheat,2019,Rabi,136510.0,566653.0,4150.999926745293,,,,,,,,,,,,,27.5550357,78.5992221,567.03,30.7059477124183,35.75006535947713,63.381960784313726,49.470000000000006,18.078278145695364,26.446225165562915,599.57,14.971822429906542,58,3,0.1857931762402443,0,0,3168.01,27.0,1.825307583810267,-367.9176884466261,1219.82,83.0,5.94193791400037,-638.5654531929797,0.4798360943841034,0.5288793260700081,3842.998439845751,3908.999526963103,3880.998962501853,3877.665643103569,-38.00052265610202,-12.712531284242688,22,0,0,2,11.824160476440854,,,,49.470000000000006,18.078278145695364,26.446225165562915,0.1857931762402443,0,0,2026-06-23,1219.82,83.0,5.94193791400037,-638.5654531929797,0.5288793260700081,2019,2026-06-23,current_2026_weather_with_2019_yield_baseline,4048.249,-31.798143,37.641945,9.347403,120.19159,424.38837,77.15485,111.38866,209.59338,-17.618576,2.3038845,6.274215,15.152404,19.298702,1.6915128,8.016255,24.795599,6.004378,9.042254,-0.0864641,8.135951,3.115144,-0.049531773,-17.08496,-13.802308,8.983139,7.5022173,0.051049042,-0.015064266,2.086964,32.894016,13.444205,-0.74474204,5.846366,1.3925747,1.0661668,-3.3686407,7.326191,8.408906,-102.75090330779312,1.5742615544489524e-16,1.0,0.18579317624024413,20260629_170333,4048.249,0.1857931762402443,0.1857931762402441,0.0,0.0,2.7755575615628914e-17,stable,No significant change since last check.,4
Punjab,Gurdaspur,Wheat,2019,Rabi,185000.0,772000.0,4172.972972972973,,,,,,,,,,,,,31.9037264,75.2275587,697.26,30.58130718954248,35.929542483660136,58.20882352941177,128.22,16.70894039735099,24.03443708609272,802.48,16.050280373831775,70,1,0.1706765577037223,0,0,3148.9400000000005,14.0,1.884724757044332,-384.53597751167104,1015.7,78.0,4.751198738357105,-447.7992904146897,0.6119355352382383,0.5533846925511793,4717.391304347826,4735.135135135135,4608.695652173913,4687.074030552291,108.695652173913,-371.8513908151381,22,0,0,0,12.128116509451258,,,,128.22,16.70894039735099,24.03443708609272,0.1706765577037223,0,0,2026-06-23,1015.7,78.0,4.751198738357105,-447.7992904146897,0.5533846925511793,2019,2026-06-23,current_2026_weather_with_2019_yield_baseline,4660.1865,33.39107,33.774284,11.173509,114.472916,1035.8567,142.00783,129.02573,282.56174,-3.9186764,4.9176707,19.487091,4.541833,5.5968237,0.63764286,1.4023976,-52.035187,1.1913612,4.63936,-1.1031983,16.668665,7.146336,9.647197,-12.115534,-16.638298,12.88032,23.062704,0.030178793,0.00013721082,0.80028397,-115.845146,14.466216,0.6425808,10.246766,0.3034643,-7.8589907,-43.46681,25.007555,17.310745,487.2135504645266,6.013708050052931e-17,1.0,0.17067655770372225,20260629_170333,4660.1865,0.1706765577037223,0.1706765577037222,0.0,0.0,5.551115123125783e-17,stable,No significant change since last check.,4
Punjab,Amritsar,Wheat,2019,Rabi,188000.0,852000.0,4531.914893617021,,,,,,,,,,,,,31.7685759,74.8315603,697.26,30.58130718954248,35.929542483660136,58.20882352941177,128.22,16.70894039735099,24.03443708609272,802.48,16.33322429906542,70,1,0.1706765577037223,0,0,3148.9400000000005,14.0,1.884724757044332,-402.580097148182,1015.7,78.0,4.751198738357105,-452.3922912193508,0.5724684903190389,0.6408858167314675,4814.814814814815,4867.724867724868,4946.808510638298,4876.449397725994,-131.993695823483,-274.4278803481493,22,0,0,0,12.144202560946876,,,,128.22,16.70894039735099,24.03443708609272,0.1706765577037223,0,0,2026-06-23,1015.7,78.0,4.751198738357105,-452.3922912193508,0.6408858167314675,2019,2026-06-23,current_2026_weather_with_2019_yield_baseline,4779.1587,33.866844,34.515533,11.075808,121.639694,1070.7413,151.83174,180.48839,293.48468,-3.2284722,-0.5883738,19.809471,4.3775063,6.398738,0.6133001,0.070647344,-48.7301,-0.3006448,3.3067424,-1.570642,17.133728,9.465077,8.849078,-10.200488,-14.386661,18.10278,25.241459,0.030922681,-0.0012984304,0.86987454,-129.05551,17.502945,-1.1538078,10.097109,4.538162,-7.455854,-42.947983,20.51759,23.93442,247.2437977892287,6.013708050052931e-17,1.0,0.17067655770372225,20260629_170333,4779.1587,0.1706765577037223,0.1706765577037222,0.0,0.0,5.551115123125783e-17,stable,No significant change since last check.,4
Uttar Pradesh,Muzaffarnagar,Wheat,2019,Rabi,81330.0,323775.0,3981.0033198081887,,,,,,,,,,,,,29.4496979,77.7429333,574.31,30.350326797385623,35.80764705882353,60.19320261437908,76.41000000000001,16.888278145695367,25.354105960264903,626.84,15.74429906542056,56,3,-0.1678040428665548,0,0,3113.6,27.0,1.7226415041538083,-440.3390945116501,1040.4699999999998,83.0,5.843661750288123,-569.5536010063007,0.574613543671617,0.3906869283377609,4247.005035013601,3985.0042044286647,4170.994592169861,4134.334610537375,76.01044284373984,391.2940638836071,22,0,0,2,11.306282526671117,,,,76.41000000000001,16.888278145695367,25.354105960264903,-0.1678040428665548,0,0,2026-06-23,1040.4699999999998,83.0,5.843661750288123,-569.5536010063007,0.3906869283377609,2019,2026-06-23,current_2026_weather_with_2019_yield_baseline,4311.6567,-16.666096,32.705532,8.643609,96.83574,771.7956,102.94011,103.91031,213.79321,-18.12889,-5.218746,5.8496513,4.7907457,5.6759596,0.8378259,4.7861147,7.3092785,6.583918,13.037763,0.17911461,12.601211,0.59527797,5.125536,-6.0315647,-21.027292,4.2309947,-0.4450929,0.034131575,-0.0011820598,1.9411005,22.701904,20.10242,-0.94403446,10.550895,-3.0456214,6.599974,-8.669785,2.2482195,-24.84459,330.65341847306127,-3.515706244646329e-16,0.9999999999999999,0.16780404286655445,20260629_170333,4311.6567,-0.1678040428665548,0.1678040428665544,0.0,0.0,5.551115123125783e-17,stable,No significant change since last check.,4
Uttar Pradesh,Shamli,Wheat,2019,Rabi,48689.0,231711.0,4759.001006387481,,,,,,,,,,,,,29.4811508,77.2901344,574.31,30.350326797385623,35.80764705882353,60.19320261437908,76.41000000000001,16.888278145695367,25.354105960264903,626.84,15.74429906542056,56,3,-0.1678040428665548,0,0,3113.6,27.0,1.7226415041538083,-440.3390945116501,1040.4699999999998,83.0,5.843661750288123,-569.5536010063007,0.6493803291406561,0.4969623379003466,4572.00698797657,4593.999959704229,4245.004273330348,4470.337073670383,327.00271464622165,716.2960168465761,22,0,0,2,10.793228949176749,,,,76.41000000000001,16.888278145695367,25.354105960264903,-0.1678040428665548,0,0,2026-06-23,1040.4699999999998,83.0,5.843661750288123,-569.5536010063007,0.4969623379003466,2019,2026-06-23,current_2026_weather_with_2019_yield_baseline,4616.606,-19.25584,35.08734,9.101908,113.78653,998.8805,134.53088,96.561295,270.00287,-5.642743,-37.009125,-22.62591,3.9094002,4.675616,0.8368687,4.0723324,25.472763,4.030092,10.507106,0.62186867,13.7261095,2.2073631,6.6068153,-2.864867,-34.19796,6.122573,-2.0075572,0.030451108,-0.000497703,1.9266758,20.121239,15.358664,0.7084138,9.242852,1.4691956,3.8393393,-12.8553915,13.979424,-4.6258984,-142.39504935623063,-3.515706244646329e-16,0.9999999999999999,0.16780404286655445,20260629_170333,4616.606,-0.1678040428665548,0.1678040428665544,0.0,0.0,5.551115123125783e-17,stable,No significant change since last check.,4
Punjab,Kapurthala,Wheat,2019,Rabi,109000.0,507000.0,4651.376146788991,,,,,,,,,,,,,31.3856476,75.3053304,613.92,31.02869281045752,36.62967320261438,55.749607843137255,100.94,16.651920529801323,24.357350993377484,684.48,16.050280373831775,87,2,0.1650203642908513,0,0,3217.39,13.0,2.1221361551753604,-495.6565980490269,1008.0400000000002,61.0,5.058081122641181,-495.6782295536276,0.5806805156154891,0.6023931928226264,4733.94495412844,4842.592592592592,4924.528301886792,4833.6886162026085,-190.58334775835192,-355.2977410345238,22,0,0,0,11.599112335481124,,,,100.94,16.651920529801323,24.357350993377484,0.1650203642908513,0,0,2026-06-23,1008.0400000000002,61.0,5.058081122641181,-495.6782295536276,0.6023931928226264,2019,2026-06-23,current_2026_weather_with_2019_yield_baseline,4828.4966,32.06592,34.267063,10.775011,119.16034,1094.0295,146.63005,182.17195,292.1361,-0.8952581,3.552218,10.591118,3.600016,5.8961387,0.6234013,1.4099488,-6.2545366,0.3943001,-0.29202995,-1.3185946,17.724781,7.9063773,9.947464,-10.40357,-5.746826,18.272152,23.694075,0.029962335,-0.018051812,0.5973283,-129.57677,6.1907206,1.1022974,9.697907,3.7510474,-0.97516876,-43.729694,18.418442,22.797146,177.1204352422592,1.0639637319324417e-16,1.0000000000000002,0.16502036429085115,20260629_170333,4828.4966,0.1650203642908513,0.1650203642908511,0.0,0.0,5.551115123125783e-17,stable,No significant change since last check.,4
Punjab,Tarn Taran,Wheat,2019,Rabi,188000.0,855000.0,4547.8723404255325,,,,,,,,,,,,,31.3212453,74.8416687,613.92,31.02869281045752,36.62967320261438,55.749607843137255,100.94,16.651920529801323,24.357350993377484,684.48,16.33322429906542,87,2,0.1650203642908513,0,0,3217.39,13.0,2.1221361551753604,-514.2359369990339,1008.0400000000002,61.0,5.058081122641181,-500.7460449082177,0.5640604117717085,0.5718125732471041,4898.395721925133,4682.795698924731,4789.189189189189,4790.126870013018,109.20653273594417,-190.84697323783075,22,0,0,0,12.144202560946876,,,,100.94,16.651920529801323,24.357350993377484,0.1650203642908513,0,0,2026-06-23,1008.0400000000002,61.0,5.058081122641181,-500.7460449082177,0.5718125732471041,2019,2026-06-23,current_2026_weather_with_2019_yield_baseline,4812.5527,32.634403,33.784176,10.715497,118.885544,1101.142,143.24257,167.95438,291.95447,-2.930436,2.869251,20.129854,3.1290677,6.0323453,0.64261997,2.9384449,-14.51605,1.0614405,-0.37073934,-1.4741054,17.367422,8.2497635,12.345042,-12.46118,-5.9253125,16.979153,22.740143,0.030165749,-0.01617137,0.7811452,-125.86741,7.599114,0.5926435,9.979734,1.8111358,-2.1511648,-44.09269,18.40536,18.08223,264.68039394946754,1.0639637319324417e-16,1.0000000000000002,0.16502036429085115,20260629_170333,4812.5527,0.1650203642908513,0.1650203642908511,0.0,0.0,5.551115123125783e-17,stable,No significant change since last check.,4
Haryana,Charki Dadri,Wheat,2019,Rabi,50100.0,228900.0,4568.862275449102,,,,,,,,,,,,,28.6000997,76.1123707,423.01,31.38437908496732,37.02568627450981,54.888366013071895,56.190000000000005,18.38894039735099,27.32980132450331,459.55,15.464859813084113,91,2,0.1523203377467074,0,0,3271.8099999999995,13.0,1.894635435885376,-621.0642762574519,1267.51,83.0,4.2327624869665454,-659.8227743369655,0.4440689451602114,0.5238283967746219,5000.0,4116.788321167883,,4558.394160583941,,174.9260459791958,22,0,0,1,10.821796246953596,,,,56.190000000000005,18.38894039735099,27.32980132450331,0.1523203377467074,0,0,2026-06-23,1267.51,83.0,4.2327624869665454,-659.8227743369655,0.5238283967746219,2019,2026-06-23,current_2026_weather_with_2019_yield_baseline,4651.764,14.415804,41.124596,11.051566,100.63557,1179.0443,133.35115,20.28382,265.94843,12.995166,12.915249,-29.713755,1.0152599,3.1420643,0.6826064,1.0496397,70.57406,2.369153,-6.984681,-2.9555774,-11.626355,-11.007084,8.8343,-3.5045915,-8.363753,14.67634,19.221855,0.05293493,-0.01803484,-0.5313217,-131.82777,10.695826,-0.8463595,-3.7417097,6.625531,-7.319771,17.447504,-16.87961,-11.34563,82.90188470714838,3.284409781182755e-16,0.9999999999999999,0.15232033774670709,20260629_170333,4651.764,0.1523203377467074,0.152320337746707,0.0,0.0,8.326672684688674e-17,stable,No significant change since last check.,4
Haryana,Jind,Wheat,2019,Rabi,214400.0,1030600.0,4806.9029850746265,,,,,,,,,,,,,29.4494987,76.3736217,470.41,30.99679738562092,36.73241830065359,56.0940522875817,69.35,17.512384105960265,26.56933774834437,515.24,16.109158878504672,83,5,0.149128524769336,0,0,3212.51,15.0,1.8495761792221288,-606.653355801952,1136.4699999999998,61.0,4.88236315954456,-619.7511838550998,0.5212386257558705,0.5668331708702692,5241.860465116279,5046.694405917707,4865.979381443299,5051.511417492428,375.8810836729799,416.78651109547445,22,0,0,1,12.27560337234701,,,,69.35,17.512384105960265,26.56933774834437,0.149128524769336,0,0,2026-06-23,1136.4699999999998,61.0,4.88236315954456,-619.7511838550998,0.5668331708702692,2019,2026-06-23,current_2026_weather_with_2019_yield_baseline,5015.7886,11.288541,35.98682,10.126907,117.778145,1196.3956,152.41396,180.18268,322.15414,1.700134,7.1489425,18.459837,3.2008278,7.5652537,0.6507363,4.0114164,41.285168,4.630515,0.774351,-1.8067751,16.618477,-1.5423851,4.5935593,-8.936156,-7.7062535,-8.141856,20.918839,0.048054762,-0.013904357,0.61543715,-124.70741,8.876094,-0.49886787,13.031756,5.8180933,-0.36295128,-1.6023426,16.071817,18.48955,208.88558914412351,1.0928757898653885e-16,1.0,0.14912852476933589,20260629_170333,5015.7886,0.149128524769336,0.1491285247693358,0.0,0.0,8.326672684688674e-17,stable,No significant change since last check.,4
Haryana,Fatehabad,Wheat,2019,Rabi,191900.0,931500.0,4854.0906722251175,,,,,,,,,,,,,29.5359209,75.5752901,379.88,31.574052287581697,37.65065359477124,52.96183006535948,59.53,18.02344370860927,27.125099337748345,417.82,16.090560747663552,110,3,0.1437909493641667,0,0,3300.83,21.0,2.067301846305862,-753.848906692154,1213.76,61.0,4.382341263787579,-639.1266415054156,0.5415347071295362,0.5440759722888702,5384.615384615385,5383.634431455898,5264.550264550264,5344.266693540515,120.06512006512094,559.5414305945806,22,0,0,1,12.164734893029634,,,,59.53,18.02344370860927,27.125099337748345,0.1437909493641667,0,0,2026-06-23,1213.76,61.0,4.382341263787579,-639.1266415054156,0.5440759722888702,2019,2026-06-23,current_2026_weather_with_2019_yield_baseline,5236.1543,10.043137,39.562874,9.876124,139.92314,1248.9464,148.89658,188.69305,343.05658,-4.903951,-2.9728825,16.628466,3.774186,6.0578265,0.7358558,0.9121585,54.310925,-1.6020037,-4.736623,-1.4888397,3.4868891,-1.1110662,-6.08092,-9.42252,-5.375366,19.54343,20.513754,0.05095758,-0.018714616,-0.8793605,3.80149,17.287014,0.084724076,2.5381236,4.067917,-8.1280155,9.427436,25.774649,14.602595,382.0636246498825,2.139492287038062e-16,0.9999999999999998,0.1437909493641665,20260629_170333,5236.1543,0.1437909493641667,0.1437909493641665,0.0,0.0,0.0,stable,No significant change since last check.,4
Haryana,Hisar,Wheat,2019,Rabi,224300.0,1022800.0,4559.964333481944,,,,,,,,,,,,,29.2396596,75.8174505,354.29,31.89562091503268,37.74712418300654,51.39366013071895,53.7,18.417880794701983,27.119470198675494,388.9,16.090560747663552,111,1,0.1336546719414257,0,0,3350.03,22.0,2.115463657889576,-773.189276631374,1272.65,61.0,3.810854243549037,-640.8697304986854,0.4300310287325652,0.5179712099910353,4957.033016734509,4914.694059848147,4756.637168141593,4876.121414908083,200.39584859291608,131.95906271370495,22,0,0,1,12.320744178813118,,,,53.7,18.417880794701983,27.119470198675494,0.1336546719414257,0,0,2026-06-23,1272.65,61.0,3.810854243549037,-640.8697304986854,0.5179712099910353,2019,2026-06-23,current_2026_weather_with_2019_yield_baseline,4958.423,10.353896,39.342358,9.115484,113.33721,1143.5516,159.31143,156.79909,306.10034,-3.2177825,10.963866,16.272202,2.228271,3.9487271,0.9566754,-1.2061058,63.092396,-1.7594316,-11.381731,-1.7007494,-8.193925,0.07655322,-13.174388,-7.218615,-2.8699534,15.305236,18.89269,0.050957527,-0.017617837,-2.259997,8.459506,15.120657,-0.3865658,-5.7117043,1.996801,-3.319481,12.054356,-29.992588,-6.7710543,398.4585180805561,-9.945747928933694e-17,0.9999999999999998,0.13365467194142583,20260629_170333,4958.423,0.1336546719414257,0.1336546719414258,0.0,0.0,2.7755575615628914e-17,stable,No significant change since last check.,4
Punjab,Moga,Wheat,2019,Rabi,176000.0,942000.0,5352.272727272729,,,,,,,,,,,,,30.7877554,75.159359,532.73,31.326666666666668,37.143464052287584,53.90633986928105,80.98,17.065364238410595,25.230066225165565,584.68,16.714158878504673,97,2,0.1317947505655971,0,0,3262.98,14.0,2.230918736933881,-628.4780069086551,1070.09,61.0,5.33258554536533,-574.7231885629894,0.5445534221127162,0.4918413180082853,5377.142857142857,5188.571428571428,5275.862068965517,5280.525451559935,101.28078817733967,287.9001619798928,22,0,0,0,12.07824495582233,,,,80.98,17.065364238410595,25.230066225165565,0.1317947505655971,0,0,2026-06-23,1070.09,61.0,5.33258554536533,-574.7231885629894,0.4918413180082853,2019,2026-06-23,current_2026_weather_with_2019_yield_baseline,5036.3105,29.970428,33.472195,10.325528,120.47256,1196.4432,150.02563,183.84575,318.23752,-0.52643013,11.032032,21.144402,5.429114,7.7262816,0.9018065,3.170794,30.662321,5.850732,-1.222314,-2.4082954,19.065048,9.4909525,3.9360976,-2.1081364,-2.681704,21.489214,20.314049,0.042785455,-0.017180998,0.07956424,-115.24929,-3.917505,-0.58907855,11.1635065,6.096661,3.1561177,-13.887135,26.350012,-21.248524,-315.96218039772884,9.251858538542972e-17,0.9999999999999998,0.13179475056559706,20260629_170333,5036.3105,0.1317947505655971,0.131794750565597,0.0,0.0,5.551115123125783e-17,stable,No significant change since last check.,4
Haryana,Jhajjar,Wheat,2019,Rabi,106600.0,512600.0,4808.630393996248,,,,,,,,,,,,,28.5964461,76.6505366,445.53,31.2640522875817,36.8524183006536,56.27594771241829,52.68,17.826490066225166,26.82947019867549,486.09,15.464859813084113,83,4,-0.1280864908836351,0,0,3253.4,15.0,1.761992045026718,-591.7141196848606,1182.56,83.0,4.816260356137773,-657.2501193049121,0.4027572851606999,0.476986980742569,4762.357414448669,4654.425612052731,5086.021505376344,4834.268177292582,-323.6640909276748,-62.71653957213493,22,0,0,1,11.57684817153292,,,,52.68,17.826490066225166,26.82947019867549,-0.1280864908836351,0,0,2026-06-23,1182.56,83.0,4.816260356137773,-657.2501193049121,0.476986980742569,2019,2026-06-23,current_2026_weather_with_2019_yield_baseline,4830.6875,15.167032,38.16646,10.298628,116.4704,1097.3274,150.70981,170.79318,289.7663,-1.7322786,11.665081,7.4448543,1.5380739,5.080765,0.79312533,1.9609803,64.90744,3.2985828,-5.6016197,-2.3721845,11.458638,0.9770951,10.274433,-6.6157413,-9.244975,14.582098,10.433257,0.05258735,-0.020733416,0.44365978,-117.056465,16.422987,-0.26467764,12.123587,8.595412,-5.888775,15.071426,-30.238497,-26.373182,22.05710600375187,7.401486830834377e-17,1.0,0.1280864908836352,20260629_170333,4830.6875,-0.1280864908836351,0.1280864908836352,0.0,0.0,0.0,stable,No significant change since last check.,4
Haryana,Gurgaon,Wheat,2019,Rabi,40600.0,205600.0,5064.039408866995,,,,,,,,,,,,,28.451663,77.0297723,445.53,31.2640522875817,36.8524183006536,56.27594771241829,52.68,17.826490066225166,26.82947019867549,486.09,15.148644859813084,83,4,-0.1280864908836351,0,0,3253.4,15.0,1.761992045026718,-568.2929458958331,1182.56,83.0,4.816260356137773,-648.5719899812002,0.3104628747389764,0.2612600567523682,4953.488372093023,4906.976744186047,4666.666666666667,4842.3772609819125,286.82170542635595,128.41441807221872,22,0,0,1,10.611547975828367,,,,52.68,17.826490066225166,26.82947019867549,-0.1280864908836351,0,0,2026-06-23,1182.56,83.0,4.816260356137773,-648.5719899812002,0.2612600567523682,2019,2026-06-23,current_2026_weather_with_2019_yield_baseline,4689.2056,12.696117,35.39598,9.163105,112.29432,1107.3567,136.38689,138.4088,281.0733,1.0073832,8.77659,-58.06537,1.5906096,4.354329,0.50539845,1.7141229,72.42126,3.202141,-7.8065963,-2.1899703,11.209783,1.7554598,9.747571,-2.7666602,-9.620313,11.436915,12.321115,0.044786055,-0.017966975,0.4334293,-121.60291,21.401411,-0.13299249,12.37411,6.3142147,-6.840353,13.864492,-49.095245,-30.184925,-374.83384246074456,7.401486830834377e-17,1.0,0.1280864908836352,20260629_170333,4689.2056,-0.1280864908836351,0.1280864908836352,0.0,0.0,0.0,stable,No significant change since last check.,4
Uttar Pradesh,Farrukhabad,Wheat,2019,Rabi,76309.0,320956.0,4206.004534196491,,,,,,,,,,,,,27.4362003,79.4894778,659.46,30.208823529411763,34.97588235294118,67.1629411764706,51.67,18.18006622516556,26.82304635761589,703.51,14.865280373831776,48,3,0.1224864930529755,0,0,3091.95,28.0,1.7154005647280777,-235.8490832301416,1235.19,83.0,5.450419162921268,-638.5713482497175,0.4542774674980155,0.5030327667549671,4282.002090472473,4497.996458857515,3920.996756503276,4233.665101944422,361.0053339691972,426.29111934247976,22,0,0,2,11.242559270283678,,,,51.67,18.18006622516556,26.82304635761589,0.1224864930529755,0,0,2026-06-23,1235.19,83.0,5.450419162921268,-638.5713482497175,0.5030327667549671,2019,2026-06-23,current_2026_weather_with_2019_yield_baseline,4538.559,-14.874103,37.212337,9.059162,99.648155,830.779,151.64397,100.23069,245.82567,-3.660424,-9.227108,7.6132817,3.7978253,6.162825,0.8424898,5.283705,24.891617,5.892945,12.764224,1.2531343,0.09029157,2.600801,14.510159,0.60557276,-22.94599,3.453693,10.079719,0.038428754,-0.0042721755,1.1882834,22.341969,21.537785,0.6916063,0.98075557,2.1153007,12.18356,2.8918562,-0.054082267,0.8377429,332.55454783475943,3.822174058735565e-16,1.0,0.12248649305297511,20260629_170333,4538.559,0.1224864930529755,0.1224864930529751,0.0,0.0,1.3877787807814457e-17,stable,No significant change since last check.,4
Haryana,Palwal,Wheat,2019,Rabi,100700.0,487100.0,4837.140019860973,,,,,,,,,,,,,28.0599426,77.3223422,472.18,31.37339869281045,36.83124183006536,57.61150326797385,47.23,18.068874172185428,26.871324503311257,511.34,15.148644859813084,76,4,-0.1216147316266271,0,0,3270.13,27.0,2.2104992820266447,-537.41500124729,1218.4,83.0,5.380986029079021,-658.2826740290914,0.5169940420323202,0.5373973193456343,4231.578947368421,4549.145299145299,4371.134020618556,4383.952755710759,-139.55507325013514,-593.4950066523834,22,0,0,1,11.51991100914394,,,,47.23,18.068874172185428,26.871324503311257,-0.1216147316266271,0,0,2026-06-23,1218.4,83.0,5.380986029079021,-658.2826740290914,0.5373973193456343,2019,2026-06-23,current_2026_weather_with_2019_yield_baseline,4512.2144,14.858279,38.796963,9.734874,97.36258,768.216,158.81644,130.31203,260.32672,-9.864129,8.480031,9.599647,3.4628189,5.489227,1.4659054,4.176427,18.161243,4.311892,-7.6785474,-1.0808787,8.787258,4.804956,6.7529526,-2.9529104,-21.372328,6.799227,0.19448595,0.05184346,-0.022522826,-0.49657115,19.540714,-15.676221,2.567392,6.566819,-0.43459457,6.9984436,10.406977,2.5481982,11.931008,-324.92566439222264,1.5728159515523052e-16,0.9999999999999998,0.12161473162662728,20260629_170333,4512.2144,-0.1216147316266271,0.1216147316266272,0.0,0.0,8.326672684688674e-17,stable,No significant change since last check.,4
Uttar Pradesh,Jalaun,Wheat,2019,Rabi,149023.0,556303.0,3733.000946162673,,,,,,,,,,,,,26.1048633,79.3919136,839.5500000000001,29.99771241830065,34.339803921568624,70.44568627450981,38.59,18.53615894039735,26.310794701986755,853.21,14.973177570093458,46,2,-0.1128020946138679,0,0,3059.65,29.0,1.4098342097435117,-17.632008639748392,1288.96,87.0,6.834955149203951,-703.151196757388,0.3702878364499588,0.5683117961272214,3713.679789734247,3624.094236789264,3716.049298975086,3684.607775166199,-2.369509240838852,-142.03118139574644,22,0,0,2,11.911862645782104,,,,38.59,18.53615894039735,26.310794701986755,-0.1128020946138679,0,0,2026-06-23,1288.96,87.0,6.834955149203951,-703.151196757388,0.5683117961272214,2019,2026-06-23,current_2026_weather_with_2019_yield_baseline,4008.5493,-29.441532,40.296642,9.803735,154.20749,406.75723,61.31017,127.23069,115.960144,-13.69653,12.213876,8.030658,15.589464,31.414368,1.4988258,-2.7548563,36.764385,1.8036486,13.984131,2.603991,-1.3455905,5.5625963,8.406955,-13.474887,-11.311792,7.8401127,1.9504468,0.036855977,-0.01820274,1.2652057,25.23561,17.8103,-2.3731215,1.2962133,0.118101865,15.025151,6.8570905,-7.2196956,9.034166,275.5483702435772,-3.839521293495333e-16,0.9999999999999998,0.11280209461386755,20260629_170333,4008.5493,-0.1128020946138679,0.1128020946138675,0.0,0.0,4.163336342344337e-17,stable,No significant change since last check.,4
Haryana,Yamunanagar,Wheat,2019,Rabi,93500.0,457500.0,4893.048128342246,,,,,,,,,,,,,30.2158611,77.3256507,765.86,29.509281045751635,34.632287581699345,63.19281045751634,99.55,17.00337748344371,24.834635761589407,819.1899999999999,16.557102803738317,50,2,-0.1110313575485313,0,0,2984.92,27.0,1.5965310387809415,-235.49245484034748,1057.51,83.0,5.666028263654595,-584.9653636111602,0.590789943156112,0.526574931219957,4295.1541850220265,4783.146067415731,4483.146067415731,4520.482106617829,-187.9918823937041,-529.9197689987777,22,0,0,1,11.445727410406752,,,,99.55,17.00337748344371,24.834635761589407,-0.1110313575485313,0,0,2026-06-23,1057.51,83.0,5.666028263654595,-584.9653636111602,0.526574931219957,2019,2026-06-23,current_2026_weather_with_2019_yield_baseline,4530.4062,11.598048,36.646297,8.876924,88.85293,810.46826,149.86168,129.6512,281.21857,-0.7568722,-3.971183,7.0680227,7.8337345,6.2488904,0.96663934,-1.2993201,-24.745167,1.892287,3.3121068,0.22324717,14.484806,4.214668,8.353332,1.4143171,-26.100578,7.3087077,0.63205165,0.030273978,-0.0038933659,0.3648823,19.177101,30.70422,1.8522298,8.144915,-2.4247754,10.6565895,-15.033727,5.0426903,-2.6400883,-362.641878342246,3.3306690738754696e-16,0.9999999999999998,0.11103135754853166,20260629_170333,4530.4062,-0.1110313575485313,0.1110313575485316,0.0,0.0,5.551115123125783e-17,stable,No significant change since last check.,4
Uttar Pradesh,Saharanpur,Wheat,2019,Rabi,111829.0,435238.0,3891.995815039033,,,,,,,,,,,,,29.9856799,77.5040646,765.86,29.509281045751635,34.632287581699345,63.19281045751634,99.55,17.00337748344371,24.834635761589407,819.1899999999999,15.74429906542056,50,2,-0.1110313575485313,0,0,2984.92,27.0,1.5965310387809415,-207.0413594468536,1057.51,83.0,5.666028263654595,-521.0386183207895,0.5348370195663071,0.4273995182173306,4217.000758962454,3894.0006966587175,3756.9967324904105,3955.999396037194,460.0040264720433,361.2897878324602,22,0,0,2,11.624735140022231,,,,99.55,17.00337748344371,24.834635761589407,-0.1110313575485313,0,0,2026-06-23,1057.51,83.0,5.666028263654595,-521.0386183207895,0.4273995182173306,2019,2026-06-23,current_2026_weather_with_2019_yield_baseline,4176.9375,-23.137384,26.077394,7.6590548,98.6999,700.9804,81.39507,102.52967,192.23091,-2.0862207,-1.1014421,7.2486005,7.0865784,6.2673635,1.6849214,0.38424513,-11.308429,1.237944,5.5404263,1.107935,15.043737,7.4108653,2.7784781,-7.4353595,-17.677717,7.3352094,3.4611232,0.028846677,-0.016182974,0.4983986,28.36883,24.99803,-1.707337,10.073211,-4.592929,9.01368,-29.862867,-0.041472796,-23.508205,284.941684960967,3.3306690738754696e-16,0.9999999999999998,0.11103135754853166,20260629_170333,4176.9375,-0.1110313575485313,0.1110313575485316,0.0,0.0,5.551115123125783e-17,stable,No significant change since last check.,4
Haryana,Sirsa,Wheat,2019,Rabi,296900.0,1443800.0,4862.916807005726,,,,,,,,,,,,,29.6063041,74.9036568,293.48,32.37437908496732,38.52398692810458,48.74856209150327,45.42999999999999,18.50562913907285,27.31708609271524,329.46,16.37359813084112,121,2,-0.0952124986520348,0,0,3423.2800000000007,28.0,2.17102821521007,-896.3298877911111,1286.9500000000005,61.0,4.001819441968756,-664.898830020621,0.582727499666596,0.5322256143778672,5063.118389628113,5061.632238401626,5070.607553366174,5065.119393798637,-7.489163738061507,238.0444356073085,22,0,0,1,12.6011540288836,,,,45.42999999999999,18.50562913907285,27.31708609271524,-0.0952124986520348,0,0,2026-06-23,1286.9500000000005,61.0,4.001819441968756,-664.898830020621,0.5322256143778672,2019,2026-06-23,current_2026_weather_with_2019_yield_baseline,5140.89,11.155414,38.533497,10.478618,127.8146,1189.214,160.23619,184.70943,336.14432,-8.425356,10.713309,18.592005,2.2617185,5.8120885,1.0730782,-4.450135,61.72926,-3.2542348,-10.60569,-1.7390796,-17.398935,-12.103893,-5.562213,-7.4148955,-2.084031,21.042984,19.185753,0.04581279,-0.018054418,-2.0984359,11.332493,9.450147,1.4676199,-6.3746867,4.573055,-2.0754254,15.218803,28.017792,5.4127073,277.9733297130242,-5.782411586589357e-17,0.9999999999999999,0.09521249865203475,20260629_170333,5140.89,-0.0952124986520348,0.0952124986520347,0.0,0.0,5.551115123125783e-17,stable,No significant change since last check.,4
Uttar Pradesh,Bareilly,Wheat,2019,Rabi,199331.0,629487.0,3157.9985049992224,,,,,,,,,,,,,28.4582345,79.4047452,780.32,29.820980392156866,34.66294117647059,68.09013071895426,70.46,17.833973509933774,26.38529801324503,858.52,14.992616822429907,44,0,0.0935102766795447,0,0,3032.6100000000006,28.0,1.7494599064393217,-134.6444909040348,1182.9300000000003,83.0,5.091201245122671,-571.1673581841759,0.5657130612687225,0.49199482880821,3909.0011634876414,3670.999087731527,3656.000822126411,3745.333691115193,253.0003413612303,53.29019235764781,22,0,0,2,12.202727055279077,,,,70.46,17.833973509933774,26.38529801324503,0.0935102766795447,0,0,2026-06-23,1182.9300000000003,83.0,5.091201245122671,-571.1673581841759,0.49199482880821,2019,2026-06-23,current_2026_weather_with_2019_yield_baseline,4045.729,-30.13934,29.102642,7.9413285,143.42184,506.4675,65.028595,117.2669,155.06615,-2.2088196,-1.9996768,13.910086,12.058724,15.501274,1.2433943,0.6838153,15.081419,-1.4093585,9.387598,0.95925915,13.654165,4.1295567,9.358154,-9.355391,-16.485657,-2.8332596,4.442331,0.03799645,-0.01681648,1.5099648,25.365517,8.842926,-2.706014,9.581867,0.75104654,1.5838485,-12.236229,4.49325,-2.0300279,887.7304989070276,1.410908427127803e-16,1.0,0.09351027667954456,20260629_170333,4045.729,0.0935102766795447,0.0935102766795445,0.0,0.0,6.938893903907228e-17,stable,No significant change since last check.,4
Uttar Pradesh,Jhansi,Wheat,2019,Rabi,148822.0,508550.0,3417.1695045087417,,,,,,,,,,,,,25.529855,78.6527802,782.08,29.611633986928105,34.06921568627451,70.39869281045752,45.52,18.429205298013247,26.15529801324504,790.02,15.06696261682243,46,0,0.0900642770095045,0,0,3000.58,29.0,1.5165453623242129,-65.53460483605738,1272.8100000000002,83.0,5.120644348762188,-718.2659577664308,0.4748141468580123,0.5417756648768252,3258.0382380116675,2633.025928896017,3070.726646074585,2987.263604327424,187.3115919370825,-597.672733118326,22,0,0,2,11.910512959328909,,,,45.52,18.429205298013247,26.15529801324504,0.0900642770095045,0,0,2026-06-23,1272.8100000000002,83.0,5.120644348762188,-718.2659577664308,0.5417756648768252,2019,2026-06-23,current_2026_weather_with_2019_yield_baseline,3583.7107,-19.1902,45.308075,13.74241,191.41331,254.6206,-44.7466,7.308475,33.957138,-5.29435,0.46327883,10.8839245,9.020568,25.318594,1.4957503,-0.34682137,20.24769,4.5634513,3.8899953,-0.02656873,-1.2028315,7.4456105,5.2270384,-14.73473,-6.6729302,-1.7868308,-0.16742426,0.050438974,-0.024849564,-0.15128377,35.797657,24.794977,-1.1859566,4.4853115,4.5323405,6.7063117,6.1285963,-2.9053705,14.467837,166.54118885063326,-6.47630097698008e-17,1.0000000000000002,0.09006427700950456,20260629_170333,3583.7107,0.0900642770095045,0.0900642770095045,0.0,0.0,5.551115123125783e-17,stable,No significant change since last check.,4
Uttar Pradesh,Shravasti,Wheat,2019,Rabi,70486.0,233943.0,3318.999517634708,,,,,,,,,,,,,27.5083429,82.0263569,1312.79,29.21143790849673,33.196405228758174,75.05,57.56,18.524503311258275,26.97119205298013,1347.35,15.90018691588785,37,0,-0.083521604828993,0,0,2939.3500000000004,26.0,1.962673827110136,480.3611398568704,1287.2,87.0,8.250121900011118,-639.7626204735861,0.5458919250396786,0.4614807345763559,3420.995760950877,3221.993758567387,3001.00180607292,3214.6637751970616,419.9939548779571,-434.71521017911664,22,0,0,2,11.163183574633992,,,,57.56,18.524503311258275,26.97119205298013,-0.083521604828993,0,0,2026-06-23,1287.2,87.0,8.250121900011118,-639.7626204735861,0.4614807345763559,2019,2026-06-23,current_2026_weather_with_2019_yield_baseline,3651.745,-13.87342,30.220194,10.462842,150.26567,361.41296,16.13225,-1.6515157,55.731483,-1.5252036,-1.5379307,6.446539,17.513811,31.838278,1.4855453,-13.468499,15.732441,-7.7255583,5.073548,2.4462311,-4.663977,3.3496184,-0.17828391,-6.271266,-8.310872,-2.9422827,0.41079113,0.047448285,0.00031099375,2.7675526,34.05325,-1.1559204,6.9053493,2.6917715,5.5643625,16.434298,-4.9827065,0.23149861,-7.4604516,332.7455995527921,9.251858538542972e-17,1.0,0.0835216048289931,20260629_170333,3651.745,-0.083521604828993,0.0835216048289931,0.0,0.0,0.0,stable,No significant change since last check.,4
Haryana,Kurukshetra,Wheat,2019,Rabi,110400.0,520200.00000000006,4711.956521739131,,,,,,,,,,,,,30.0606702,76.7631053,730.48,29.890130718954246,35.18549019607843,61.93843137254902,92.96,16.941258278145696,25.394701986754963,781.42,17.187383177570094,48,2,0.0792218764951188,0,0,3043.19,13.0,1.6627034952087876,-359.5505229082819,1049.5199999999995,83.0,5.41503700010109,-598.5952732214489,0.5344409656546154,0.5793604773413563,4955.7522123893805,4821.492007104796,4773.584905660377,4850.276375051518,182.16730672900303,130.67825836857628,22,0,0,1,11.611874470755124,,,,92.96,16.941258278145696,25.394701986754963,0.0792218764951188,0,0,2026-06-23,1049.5199999999995,83.0,5.41503700010109,-598.5952732214489,0.5793604773413563,2019,2026-06-23,current_2026_weather_with_2019_yield_baseline,4884.876,7.5958643,34.18291,10.24804,120.61582,1129.8534,145.79303,173.57726,299.67297,-1.7902509,10.825385,9.116609,4.8537955,5.687473,0.7144279,0.7368262,-1.9155539,1.5897598,2.0807502,-0.9077006,18.002615,8.92381,11.953628,-0.23627564,-15.809968,17.994278,19.896372,0.032527145,-0.018342666,0.5279294,-128.29016,14.775024,0.09514148,10.569911,2.6681616,5.001226,-13.651977,11.75578,17.881357,172.91945482336905,6.938893903907228e-17,1.0,0.07922187649511873,20260629_170333,4884.876,0.0792218764951188,0.0792218764951187,0.0,0.0,2.7755575615628914e-17,stable,No significant change since last check.,4
Uttar Pradesh,Mainpuri,Wheat,2019,Rabi,150224.0,635448.0,4230.003195228459,,,,,,,,,,,,,27.2093072,79.0625369,709.8,30.091045751633988,34.68450980392157,68.74575163398693,45.88000000000001,18.183708609271523,26.479205298013245,739.65,14.865280373831776,48,3,0.0780073683414245,0,0,3073.93,28.0,1.449304841261317,-170.74201189635687,1235.7400000000002,83.0,6.213394870744289,-636.7598864835913,0.4522239347550191,0.5087122544741085,4441.000614917641,4418.003316749586,4014.996691906197,4291.33354119114,426.0039230114435,585.289643787647,22,0,0,2,11.91988944920213,,,,45.88000000000001,18.183708609271523,26.479205298013245,0.0780073683414245,0,0,2026-06-23,1235.7400000000002,83.0,6.213394870744289,-636.7598864835913,0.5087122544741085,2019,2026-06-23,current_2026_weather_with_2019_yield_baseline,4602.618,-16.581772,40.42011,9.5721855,108.8278,953.7042,134.62433,94.56242,251.72685,-4.4310517,-25.77521,8.438423,2.7972107,5.114687,0.9294647,2.061616,44.665802,2.6723113,9.684942,1.4316343,1.2977161,-1.1577806,14.95453,-0.40138733,-40.892002,2.504356,10.607855,0.034255546,-0.0048100464,1.058064,18.60313,17.382542,-0.111853845,-1.678728,1.618494,7.3885207,4.9728947,-9.131229,0.85044676,372.61496883404106,3.7470027081099033e-16,0.9999999999999998,0.07800736834142413,20260629_170333,4602.618,0.0780073683414245,0.0780073683414241,0.0,0.0,2.7755575615628914e-17,stable,No significant change since last check.,4
Haryana,Sonipat,Wheat,2019,Rabi,146400.0,716200.0,4892.07650273224,,,,,,,,,,,,,29.0414186,76.922715,456.88,31.15627450980392,36.775098039215685,56.21849673202615,61.56000000000001,17.46198675496689,26.38668874172185,501.78,16.109158878504672,84,4,-0.0685736550374408,0,0,3236.91,15.0,1.7096354091846355,-613.372043513598,1127.9199999999998,83.0,5.030355547276742,-623.8754442089951,0.5195497637761038,0.4727558343276136,4476.058292852186,5069.94459833795,5128.027681660899,4891.34352428368,-651.9693888087131,-349.01566116861795,22,0,0,1,11.894104711087111,,,,61.56000000000001,17.46198675496689,26.38668874172185,-0.0685736550374408,0,0,2026-06-23,1127.9199999999998,83.0,5.030355547276742,-623.8754442089951,0.4727558343276136,2019,2026-06-23,current_2026_weather_with_2019_yield_baseline,4824.596,15.384971,37.900368,10.9542265,124.42145,1005.1496,152.6895,180.10733,298.92453,14.900124,17.748041,13.813517,0.61801094,5.624464,0.8021691,3.0613863,59.56522,3.8456292,-2.0027072,-2.1670847,16.199299,1.2052559,4.876306,-6.8047395,-8.584376,16.531397,5.399394,0.04796405,-0.014153732,0.56439584,-116.5615,16.308445,0.2741316,14.715192,1.9847798,3.273226,-0.06506466,8.3113575,-24.677414,-67.48031132599044,3.700743415417188e-17,1.0,0.06857365503744084,20260629_170333,4824.596,-0.0685736550374408,0.0685736550374408,0.0,0.0,4.163336342344337e-17,stable,No significant change since last check.,4
Haryana,Rohtak,Wheat,2019,Rabi,106800.0,461300.0,4319.288389513108,,,,,,,,,,,,,28.8900602,76.5873106,456.88,31.15627450980392,36.775098039215685,56.21849673202615,61.56000000000001,17.46198675496689,26.38668874172185,501.78,15.464859813084113,84,4,-0.0685736550374408,0,0,3236.91,15.0,1.7096354091846355,-580.4717917825323,1127.9199999999998,83.0,5.030355547276742,-638.1777008750772,0.3805290271308419,0.353817553422813,4568.138195777351,4626.436781609195,4595.623215984777,4596.732731123775,-27.485020207425805,-256.9357582434532,22,0,0,1,11.578722568760275,,,,61.56000000000001,17.46198675496689,26.38668874172185,-0.0685736550374408,0,0,2026-06-23,1127.9199999999998,83.0,5.030355547276742,-638.1777008750772,0.353817553422813,2019,2026-06-23,current_2026_weather_with_2019_yield_baseline,4679.818,15.09491,37.527283,9.697652,114.35371,999.18146,142.42786,130.76895,274.07474,-8.748887,19.875792,7.3095045,-0.095826104,4.3418317,0.662987,1.9939666,56.419598,4.6624966,-6.9708114,-1.8251498,17.012516,3.874689,10.511792,-3.338008,-10.385431,6.445047,5.961191,0.05258735,-0.012683596,-0.01518237,-106.266,21.106606,1.2040153,13.6398945,1.3423054,1.4715654,8.919353,-19.626694,-23.10742,360.5294815806419,3.700743415417188e-17,1.0,0.06857365503744084,20260629_170333,4679.818,-0.0685736550374408,0.0685736550374408,0.0,0.0,4.163336342344337e-17,stable,No significant change since last check.,4
Uttar Pradesh,Aligarh,Wheat,2019,Rabi,223574.0,921572.0,4121.999874761824,,,,,,,,,,,,,27.8761073,78.1358153,461.99,31.15150326797385,36.51575163398693,59.03411764705882,48.63999999999999,17.91847682119205,26.57437086092716,496.83,14.971822429906542,68,3,-0.066636443751502,0,0,3236.1800000000003,27.0,1.9874734577482325,-511.12940330868446,1195.69,83.0,5.047354347763903,-642.8525524042623,0.447714716839787,0.4631663956983856,4265.998791693342,4299.999552686787,3980.001191769457,4181.999845383195,285.99759992388545,410.2878205633488,22,0,0,2,12.317502207214382,,,,48.63999999999999,17.91847682119205,26.57437086092716,-0.066636443751502,0,0,2026-06-23,1195.69,83.0,5.047354347763903,-642.8525524042623,0.4631663956983856,2019,2026-06-23,current_2026_weather_with_2019_yield_baseline,4363.951,-24.799776,33.450607,8.358736,92.82012,778.76086,127.02891,99.4998,214.0273,0.7220008,-6.096166,9.840401,5.132694,6.7417874,0.9287491,0.89653647,20.472101,4.7724037,-2.5579174,-2.2622724,11.340616,1.6532892,9.141871,-0.4216939,-22.890621,5.2291384,3.741587,0.049110293,-0.0059919762,0.6069177,24.02894,14.451694,-0.25285122,9.344723,-2.098726,0.9112713,8.608717,-1.1518803,-16.341244,241.95129711317625,-2.1279274638648835e-16,1.0,0.0666364437515018,20260629_170333,4363.951,-0.066636443751502,0.0666364437515018,0.0,0.0,0.0,stable,No significant change since last check.,4
Punjab,Faridkot,Wheat,2019,Rabi,116000.0,646000.0,5568.965517241379,,,,,,,,,,,,,30.6014507,74.7950176,446.5,31.54725490196078,37.611633986928105,52.80718954248366,64.61999999999999,17.486026490066223,26.098807947019868,489.81,17.04177570093458,107,1,0.0522943935770232,0,0,3296.73,20.0,2.1678657714982874,-762.5335175661367,1133.83,61.0,5.391007214795252,-614.0651015579328,0.5459629750300906,0.5155566211813346,5344.827586206897,5336.206896551725,5205.128205128205,5295.387562628942,139.69938107869166,255.58489104393263,22,0,0,0,11.661354090741,,,,64.61999999999999,17.486026490066223,26.098807947019868,0.0522943935770232,0,0,2026-06-23,1133.83,61.0,5.391007214795252,-614.0651015579328,0.5155566211813346,2019,2026-06-23,current_2026_weather_with_2019_yield_baseline,5268.42,28.901241,35.293983,10.467033,144.04752,1227.594,145.76141,185.26196,336.0036,-3.0225356,12.128951,11.2316475,5.139115,6.716293,0.9067452,2.7893493,63.02818,3.269559,-3.6756208,-1.4960914,19.460585,1.9119751,-4.9566774,-0.8450737,-5.243155,21.985634,20.887743,0.051531818,-0.020636335,-0.21644886,1.5456924,10.915757,1.3940012,13.552777,4.092483,7.3752017,-1.9147877,28.783978,-10.963672,-300.5455953663786,-4.85722573273506e-17,1.0,0.05229439357702325,20260629_170333,5268.42,0.0522943935770232,0.0522943935770232,0.0,0.0,4.85722573273506e-17,stable,No significant change since last check.,4
Punjab,Bathinda,Wheat,2019,Rabi,256000.0,1387000.0,5417.96875,,,,,,,,,,,,,30.1794814,75.0471098,354.4,31.94745098039216,38.16856209150327,50.94156862745098,52.44000000000001,18.04701986754967,26.914768211920528,393.96,16.714158878504673,117,1,-0.0507382953274568,0,0,3357.96,28.0,2.0780227543136447,-842.668772381921,1218.3,61.0,4.858009475939765,-645.2989295457916,0.5452893558175981,0.5311045789195478,5600.0,5295.275590551181,5297.619047619049,5397.631546056743,302.3809523809514,510.7573048370359,22,0,0,0,12.45293662970407,,,,52.44000000000001,18.04701986754967,26.914768211920528,-0.0507382953274568,0,0,2026-06-23,1218.3,61.0,4.858009475939765,-645.2989295457916,0.5311045789195478,2019,2026-06-23,current_2026_weather_with_2019_yield_baseline,5289.9326,29.032213,36.94239,10.270282,125.229126,1256.9955,161.89528,184.00386,344.15402,0.8465775,-0.3569839,16.915216,6.241595,6.9564857,1.0389053,-0.30173558,60.199646,-1.801241,-9.392397,-1.3932384,5.88365,1.1181579,-4.554306,-2.1357517,-3.9054048,20.495092,16.32734,0.048054762,-0.02015448,-2.0816956,11.467379,19.017258,1.3086655,3.5575478,2.7371109,-0.011248703,14.828725,27.642796,0.45652467,-128.0361328125,-3.139849491518021e-16,0.9999999999999999,0.050738295327456495,20260629_170333,5289.9326,-0.0507382953274568,0.0507382953274564,0.0,0.0,9.71445146547012e-17,stable,No significant change since last check.,4
Uttar Pradesh,Etawah,Wheat,2019,Rabi,95396.0,392364.0,4113.0026416201945,,,,,,,,,,,,,26.7155629,79.0917098,781.63,30.06908496732025,34.46764705882353,69.65921568627451,44.21,18.25635761589404,26.23900662251656,800.02,14.973177570093458,50,2,0.0479692299734832,0,0,3070.57,29.0,1.4053641088156974,-82.06324971301649,1246.71,83.0,7.638878749099956,-692.813301384818,0.5275888280794481,0.5647190877176193,4370.999822966457,3754.001228744286,4139.997177476261,4088.3327430623344,231.0026454901963,515.2888518364634,22,0,0,2,11.465802410401045,,,,44.21,18.25635761589404,26.23900662251656,0.0479692299734832,0,0,2026-06-23,1246.71,83.0,7.638878749099956,-692.813301384818,0.5647190877176193,2019,2026-06-23,current_2026_weather_with_2019_yield_baseline,4382.365,-18.966518,37.74994,9.318338,110.18649,811.39844,60.398235,112.83263,204.31181,-5.328523,-18.23753,6.2772923,6.385972,5.417252,0.7414836,0.42938533,23.914705,6.768456,13.385467,-0.6265114,1.7275804,2.4117503,12.437898,-4.500991,-33.657,6.396549,6.4369226,0.032972094,-0.0043669776,1.7409825,19.323263,17.35692,-3.4499278,-0.37163287,1.4534469,10.94315,11.381206,0.7434662,15.328226,269.3625927548055,-4.625929269271486e-17,1.0,0.04796922997348325,20260629_170333,4382.365,0.0479692299734832,0.0479692299734832,0.0,0.0,4.85722573273506e-17,stable,No significant change since last check.,4
Uttar Pradesh,Auraiya,Wheat,2019,Rabi,102910.0,399702.0,3883.995724419396,,,,,,,,,,,,,26.6558215,79.5160757,781.63,30.06908496732025,34.46764705882353,69.65921568627451,44.21,18.25635761589404,26.23900662251656,800.02,14.973177570093458,50,2,0.0479692299734832,0,0,3070.57,29.0,1.4053641088156974,-82.06324971301649,1246.71,83.0,7.638878749099956,-692.813301384818,0.4981423523185461,0.4960327512330323,4136.003325119496,3878.003407288464,4017.004755312105,4010.337162573355,118.9985698073915,280.2923539895028,22,0,0,2,11.541619816011572,,,,44.21,18.25635761589404,26.23900662251656,0.0479692299734832,0,0,2026-06-23,1246.71,83.0,7.638878749099956,-692.813301384818,0.4960327512330323,2019,2026-06-23,current_2026_weather_with_2019_yield_baseline,4268.324,-23.979168,35.912174,8.935239,118.67852,686.3981,66.76753,106.08334,210.13972,-13.940807,-6.59769,8.726059,6.7238917,7.0950217,1.5557902,1.203227,18.705103,5.7557464,13.832911,2.3098943,-0.30647913,0.9138072,12.51096,-5.905361,-19.694475,6.07755,4.3811884,0.03665256,-0.020459201,1.9452572,23.497559,19.79696,-0.8602209,-1.6234636,1.6052284,12.568813,12.10583,-1.260464,-2.0255318,384.3284943306039,-4.625929269271486e-17,1.0,0.04796922997348325,20260629_170333,4268.324,0.0479692299734832,0.0479692299734832,0.0,0.0,4.85722573273506e-17,stable,No significant change since last check.,4
Uttar Pradesh,Rampur,Wheat,2019,Rabi,145657.0,597776.0,4103.997748134316,,,,,,,,,,,,,28.7934728,79.1845806,830.89,29.066274509803925,33.69032679738562,67.90084967320261,79.71,17.885562913907286,25.43278145695364,922.6,14.992616822429907,43,0,-0.0462372738012167,0,0,2917.1400000000003,28.0,1.502854634619676,-48.560290727480265,1190.7199999999998,83.0,4.779344911943956,-514.8752871800441,0.5599045810646671,0.4877740871075904,4298.001854365149,4007.9998927987567,3919.99774720865,4075.3331647908512,378.0041071564988,442.290883235155,22,0,0,2,11.889016687072122,,,,79.71,17.885562913907286,25.43278145695364,-0.0462372738012167,0,0,2026-06-23,1190.7199999999998,83.0,4.779344911943956,-514.8752871800441,0.4877740871075904,2019,2026-06-23,current_2026_weather_with_2019_yield_baseline,4254.3687,-17.710659,28.546444,8.178736,91.672516,764.56714,105.16849,102.782135,206.21706,-2.1863708,-14.515586,7.064659,6.1351233,6.6758947,0.9926487,-2.7708633,6.802453,-7.4287353,6.4898458,1.1788944,9.46491,5.319932,10.456242,-3.3188522,-24.352463,-1.0859187,3.4164083,0.028393123,-0.0054708607,-2.5483565,25.146345,28.844063,-1.2506868,6.748265,-4.1880894,-3.224122,-36.92497,4.1923614,-10.48516,150.37090420943423,1.2027416100105862e-16,1.0,0.04623727380121682,20260629_170333,4254.3687,-0.0462372738012167,0.0462372738012168,0.0,0.0,2.0816681711721685e-17,stable,No significant change since last check.,4
Haryana,Rewari,Wheat,2019,Rabi,37700.0,166100.0,4405.835543766578,,,,,,,,,,,,,28.2180521,76.5816859,442.79,31.13993464052288,36.713464052287584,57.30052287581699,49.99,18.291125827814568,27.37443708609271,475.15,15.464859813084113,81,3,0.0178241466832464,0,0,3234.41,27.0,1.8070136433824973,-588.6694699469276,1252.15,83.0,4.512436342799293,-669.9670154871233,0.3561229682642835,0.5083707057082079,4951.219512195122,4898.047722342733,5020.833333333333,4956.700189290396,-69.61382113821128,126.14555817431756,22,0,0,1,10.537441898283252,,,,49.99,18.291125827814568,27.37443708609271,0.0178241466832464,0,0,2026-06-23,1252.15,83.0,4.512436342799293,-669.9670154871233,0.5083707057082079,2019,2026-06-23,current_2026_weather_with_2019_yield_baseline,4903.7505,10.19978,39.24984,9.876334,124.66966,1129.4236,150.04556,181.43456,300.3505,-7.6392975,7.3709803,-56.850956,3.776778,5.074196,0.9254347,1.8156483,67.579956,2.1709363,-7.66672,-2.9893198,-9.114826,-13.041399,11.660131,-3.7868624,-21.505663,20.14119,22.264431,0.05244199,-0.018165007,0.8760505,15.035858,27.850311,-0.7172135,-4.835356,8.7986555,-14.075062,12.238225,-50.668823,-6.498139,497.9149445146722,3.353798720221827e-16,1.0,0.017824146683246063,20260629_170333,4903.7505,0.0178241466832464,0.017824146683246,0.0,0.0,6.245004513516506e-17,stable,No significant change since last check.,4
Haryana,Mewat,Wheat,2019,Rabi,78700.0,362300.0,4603.557814485388,,,,,,,,,,,,,27.7939605,77.0120827,442.79,31.13993464052288,36.713464052287584,57.30052287581699,49.99,18.291125827814568,27.37443708609271,475.15,15.035327102803738,81,3,0.0178241466832464,0,0,3234.41,27.0,1.8070136433824973,-549.6048072055746,1252.15,83.0,4.512436342799293,-680.5988113711742,0.4346667693327636,0.5027446041097413,4541.884816753926,4316.472114137485,4172.83950617284,4343.732145688084,369.0453105810866,-283.1891372668779,22,0,0,1,11.273411140805074,,,,49.99,18.291125827814568,27.37443708609271,0.0178241466832464,0,0,2026-06-23,1252.15,83.0,4.512436342799293,-680.5988113711742,0.5027446041097413,2019,2026-06-23,current_2026_weather_with_2019_yield_baseline,4687.4385,14.520086,43.074398,10.417673,122.63625,983.0554,125.68027,107.68905,257.9648,0.17194915,17.13128,2.5703,1.6332244,3.9440396,0.99764234,2.1793385,50.32666,3.8375509,-6.285592,-1.2157964,-2.2239377,-5.4685698,10.168426,-0.91333884,-50.9255,4.444214,8.424407,0.048761524,-0.0025171777,-0.3961867,19.517727,27.713306,1.6890082,-3.7577777,-0.16230689,-10.595515,14.948204,-11.465133,-4.2111225,83.88066207711199,3.353798720221827e-16,1.0,0.017824146683246063,20260629_170333,4687.4385,0.0178241466832464,0.017824146683246,0.0,0.0,6.245004513516506e-17,stable,No significant change since last check.,4
Haryana,Panipat,Wheat,2019,Rabi,89800.0,426200.0,4746.102449888642,,,,,,,,,,,,,29.3472909,76.8871622,533.27,30.61549019607844,36.13398692810458,58.249607843137255,72.94000000000003,17.10880794701987,25.9317880794702,579.28,16.109158878504672,71,4,-0.0068958840038363,0,0,3154.17,13.0,1.612060792156734,-518.1598293907293,1075.12,83.0,5.259848803064301,-597.9396516934305,0.5235567558987728,0.5176136785006885,5216.867469879519,5185.053380782918,5109.756097560975,5170.558982741138,107.11137231854444,391.7935158587152,22,0,0,1,11.405351390085748,,,,72.94000000000003,17.10880794701987,25.9317880794702,-0.0068958840038363,0,0,2026-06-23,1075.12,83.0,5.259848803064301,-597.9396516934305,0.5176136785006885,2019,2026-06-23,current_2026_weather_with_2019_yield_baseline,4970.8438,10.124187,34.192265,10.048537,127.95203,1181.4651,148.28308,183.217,318.0086,-2.9199166,8.289761,6.9061065,3.7752266,6.8069386,0.7608727,2.918692,38.67415,6.5756803,3.8439817,-0.15545408,19.373144,7.3711534,6.452115,-10.142407,-14.897295,7.5410857,17.142012,0.04363757,-0.01409952,0.93259054,-132.4204,18.48539,0.81346375,12.263166,5.852682,2.414419,-12.247496,15.195858,-12.35237,224.7413001113582,-4.579669976578771e-16,1.0,0.006895884003835842,20260629_170333,4970.8438,-0.0068958840038363,0.0068958840038358,0.0,0.0,4.163336342344337e-17,stable,No significant change since last check.,4
Haryana,Karnal,Wheat,2019,Rabi,178400.0,864500.0,4845.852017937221,,,,,,,,,,,,,29.7255766,76.9106924,533.27,30.61549019607844,36.13398692810458,58.249607843137255,72.94000000000003,17.10880794701987,25.9317880794702,579.28,16.109158878504672,71,4,-0.0068958840038363,0,0,3154.17,13.0,1.612060792156734,-518.1598293907293,1075.12,83.0,5.259848803064301,-597.9396516934305,0.5383519065014462,0.5779913183507689,5641.456582633054,4923.295454545454,5213.197969543147,5259.316668907218,428.2586130899063,816.3826286122494,22,0,0,1,12.091789104493502,,,,72.94000000000003,17.10880794701987,25.9317880794702,-0.0068958840038363,0,0,2026-06-23,1075.12,83.0,5.259848803064301,-597.9396516934305,0.5779913183507689,2019,2026-06-23,current_2026_weather_with_2019_yield_baseline,4950.016,9.631374,33.025944,9.698906,114.471,1186.5529,149.75899,182.35976,315.79453,2.3950157,-43.69343,18.203444,3.9492502,6.956735,0.57247066,2.6942701,29.261642,6.847902,2.7547703,0.61400765,19.632372,7.383394,5.9021473,-9.163171,-14.880475,6.795139,17.81999,0.040160522,-0.013976194,1.0790036,-127.429306,14.326669,0.7540929,12.060057,4.027863,2.9269776,-12.307173,18.66824,20.271664,104.1640953440292,-4.579669976578771e-16,1.0,0.006895884003835842,20260629_170333,4950.016,-0.0068958840038363,0.0068958840038358,0.0,0.0,4.163336342344337e-17,stable,No significant change since last check.,4
